date,permno,rank,dollar_volume,trailing_21d_dollar_volume,permco,ticker,cusip,primaryexch,siccd,prc,ret,retx,vol,mktcap,open,high,low,close,delist_flag
2025-06-30,93436,1,24292745770.02,39399393467.44857,53453,TSLA,88160R10,Q,3711,317.66,-0.018447,-0.018447,76474047.0,1024135840.0,319.9,325.5799,316.6,317.66,N
2025-06-30,86580,2,30600654157.15,29611731565.61238,16382,NVDA,67066G10,Q,3674,157.99,0.001521,0.001521,193687285.0,3852990130.43,158.4,158.66,155.96,157.99,N
2025-06-30,19788,3,13196541436.8,12058300697.541904,57309,PLTR,69608A10,Q,7372,136.32,0.04268,0.04268,96805615.0,309959508.48,137.79,138.8752,134.8,136.32,N
2025-06-30,14593,4,18747783800.76,10671612117.471905,7,AAPL,03783310,Q,3663,205.17,0.02034,0.02034,91376828.0,3048153652.74,202.01,207.39,199.2607,205.17,N
2025-06-30,10107,5,14024563986.39,9498851998.47,8048,MSFT,59491810,Q,7372,497.41,0.002964,0.002964,28195179.0,3697745940.0,497.04,500.76,495.33,497.41,N
2025-06-30,84788,6,12825803764.95,9022063321.469048,15473,AMZN,02313510,Q,5961,219.39,-0.01751,-0.01751,58461205.0,2338697400.0,223.52,223.82,219.12,219.39,N
2025-06-30,13407,7,11316351594.6,8665644470.638096,54084,META,30303M10,Q,7375,738.09,0.006079,0.006079,15331940.0,1603869570.0,744.55,747.9,734.25,738.09,N
2025-06-30,90319,8,11085994872.0,7042564135.784761,45483,GOOGL,02079K30,Q,7371,176.23,-0.012883,-0.012883,62906400.0,1024953680.0,180.78,181.23,174.58,176.23,N
2025-06-30,93002,9,6759536160.499999,6756686376.758571,53196,AVGO,11135F10,Q,3674,275.65,0.02339,0.02339,24522170.0,1296511781.15,274.73,277.705,272.13,275.65,N
2025-06-30,61241,10,6056346915.3,6617523664.9147625,211,AMD,00790310,Q,3674,141.9,-0.013281,-0.013281,42680387.0,230161800.0,144.0,146.0,141.01,141.9,N
2025-06-30,14542,11,7760950154.639999,4859877204.644762,45483,GOOG,02079K10,Q,7371,177.39,-0.004936,-0.004936,43750776.0,964824210.0,180.785,181.58,175.5,177.39,N
2025-06-30,20892,12,3901065506.31,4496679109.447144,58167,COIN,19260Q10,Q,6099,350.49,-0.008318,-0.008318,11130319.0,74948781.6,359.225,360.45,347.9,350.49,N
2025-06-30,26444,13,2226749805.9,4174217036.4661903,60212,CRWV,21873S10,Q,5734,163.06,0.019189,0.019189,13656015.0,60323883.94,163.31,173.349,160.46,163.06,N
2025-06-30,92655,14,3142817912.9100003,4004798444.223333,7267,UNH,91324P10,N,6324,311.97,0.009252,0.009252,10074103.0,283000465.8,308.995,312.38,306.3401,311.97,N
2025-06-30,86211,15,5525410572.71,3891442054.042381,16149,MSTR,59497240,Q,7372,404.23,0.053011,0.053011,13668977.0,105632575.14,389.78,407.3901,384.25,404.23,N
2025-06-30,89393,16,4359711801.900001,3494826361.0976186,43145,NFLX,64110L10,Q,4841,1339.13,0.0121,0.0121,3255630.0,569031154.38,1331.0,1341.15,1321.21,1339.13,N
2025-06-30,10104,17,6962104223.53,3327569576.1961904,8045,ORCL,68389X10,N,7379,218.63,0.039907,0.039907,31844231.0,614095158.79,226.5,228.22,218.3801,218.63,N
2025-06-30,53613,18,2779499736.5,2867652669.762857,7065,MU,59511210,Q,3674,123.25,-0.012103,-0.012103,22551722.0,137932156.25,124.895,125.08,121.85,123.25,N
2025-06-30,21723,19,9480415109.79,2803635139.8357143,58570,HOOD,77070010,Q,6211,93.63,0.127665,0.127665,101254033.0,72275899.53,85.65,94.24,85.5,93.63,N
2025-06-30,18938,20,1822943015.1,2741884599.6038094,56818,HIMS,43300010,N,2834,49.85,0.008905,0.008905,36568566.0,10740381.9,50.76,50.78,48.33,49.85,N
2025-06-30,92611,21,2513796250.9500003,2687849488.5780954,52983,V,92826C83,N,7389,355.05,0.018473,0.018473,7080119.0,607485224.25,349.35,355.61,349.06,355.05,N
2025-06-30,90215,22,2329293165.21,2608968560.7861905,45288,CRM,79466L30,N,7372,272.69,-0.00267,-0.00267,8541909.0,260691640.0,274.46,276.38,270.4,272.69,N
2025-06-30,50876,23,2370934258.76,2594930154.598095,21102,LLY,53245710,N,2834,779.53,0.005261,0.005261,3041492.0,738788644.08,778.54,785.0,774.0,779.53,N
2025-06-30,83443,24,3101314041.02,2397120656.452381,540,BRK,08467070,N,6331,485.77,0.000185,0.000185,6384326.0,652309929.49,485.9,487.65,483.44,485.77,N
2025-06-30,47896,25,3678713215.960001,2307282692.6514287,20436,JPM,46625H10,N,6021,289.91,0.009752,0.009752,12689156.0,805687141.54,290.4,292.65,288.92,289.91,N
2025-06-30,87055,26,2101124881.38,2252100651.449524,7882,COST,22160K10,Q,5331,989.94,0.004872,0.004872,2122477.0,439015621.38,985.16,991.74,979.7501,989.94,N
2025-06-30,11850,27,2069657374.4,2238819462.534762,20678,XOM,30231G10,N,1311,107.8,-0.014445,-0.014445,19199048.0,464579084.2,108.64,108.84,107.72,107.8,N
2025-06-30,20894,28,2849776528.64,2215164539.6719046,58169,APP,03831W10,Q,7311,350.08,0.048835,0.048835,8140358.0,107883803.52,341.32,361.7582,340.05,350.08,N
2025-06-30,18726,29,1364341665.24,2048966148.0490477,56769,CRWD,22788C10,Q,7372,509.31,0.019987,0.019987,2678804.0,126944498.88,502.625,510.02,499.72,509.31,N
2025-06-30,18576,30,1507286691.0,2024851656.0138097,56719,UBER,90353T10,N,7389,93.3,0.019338,0.019338,16155270.0,195105974.4,91.685,93.385,91.52,93.3,N
2025-06-30,19561,31,1904022158.3,1951754885.5723808,20315,BA,09702310,N,3721,209.53,-0.023398,-0.023398,9087110.0,157986667.65,213.88,214.71,208.02,209.53,N
2025-06-30,59328,32,1713066521.6,1944337736.2414289,2367,INTC,45814010,Q,3674,22.4,-0.012781,-0.012781,76476184.0,98044800.0,22.97,22.97,22.265,22.4,N
2025-06-30,12060,33,2094062236.84,1897118237.337143,20792,GE,36960430,N,3511,257.39,0.011316,0.011316,8135756.0,274477349.93,256.305,257.89,253.87,257.39,N
2025-06-30,88360,34,1306483439.4,1832360414.1861904,37731,MRVL,57387410,Q,8731,77.4,0.00311,0.00311,16879631.0,66734280.0,78.4,78.44,76.71,77.4,N
2025-06-30,91233,35,2840521285.1200004,1819238500.0942852,50700,MA,57636Q10,N,7389,561.94,0.021115,0.021115,5054848.0,506455730.22,552.5,562.63,551.895,561.94,N
2025-06-30,91907,36,2395850517.32,1796020457.7223809,51998,SMCI,86800U30,Q,3571,49.01,0.030055,0.030055,48884932.0,29118654.37,48.7,50.55,48.23,49.01,N
2025-06-30,59408,37,2267630095.64,1772168912.0990477,3151,BAC,06050510,N,6029,47.32,0.004244,0.004244,47921177.0,356408372.32,47.62,47.62,47.03,47.32,N
2025-06-30,75510,38,1782966269.76,1725613805.1814284,8476,ADBE,00724F10,Q,7372,386.88,0.002721,0.002721,4608577.0,164114496.0,387.3,390.98,384.63,386.88,N
2025-06-30,55976,39,1740780273.4,1708465023.035238,21880,WMT,93114210,N,5311,97.78,0.005243,0.005243,17803030.0,780325272.04,97.23,98.14,96.31,97.78,N
2025-06-30,24878,40,1074208894.75,1554346788.1609523,59815,GEV,36828A10,N,4911,529.15,0.018262,0.018262,2030065.0,144423555.25,524.27,531.37,516.5942,529.15,N
2025-06-30,13856,41,1496107080.4399998,1432212870.6971428,21384,PEP,71344810,Q,2086,132.04,0.007631,0.007631,11330711.0,180894800.0,131.195,132.36,130.59,132.04,N
2025-06-30,14541,42,999511877.61,1421404463.552381,20440,CVX,16676410,N,2911,143.19,-0.004173,-0.004173,6980319.0,250066156.86,143.045,144.098,142.4,143.19,N
2025-06-30,22752,43,1099942686.28,1410539133.0904765,21188,MRK,58933Y10,N,2834,79.16,0.000759,0.000759,13895183.0,198773213.96,79.25,79.39,78.38,79.16,N
2025-06-30,76076,44,2248136166.78,1366230802.372381,10486,CSCO,17275R10,Q,3577,69.38,0.010634,0.010634,32403231.0,274744661.24,68.835,69.78,68.75,69.38,N
2025-06-30,21619,45,753440688.99,1347406087.6004765,58518,OKLO,02156V10,N,6799,55.99,0.01321,0.01321,13456701.0,8185570.03,56.35,57.3031,53.8,55.99,N
2025-06-30,66181,46,1686940704.48,1324279112.092381,5085,HD,43707610,N,5211,366.64,-0.005695,-0.005695,4601082.0,364780401.92,369.28,370.95,364.72,366.64,N
2025-06-30,38703,47,1737467577.92,1316752384.3138096,21305,WFC,94974610,N,6021,80.12,0.007799,0.007799,21685816.0,260725061.84,80.48,81.1,79.91,80.12,N
2025-06-30,18163,48,1790470183.32,1307226834.6233337,21446,PG,74271810,N,2844,159.32,-0.003378,-0.003378,11238201.0,373532431.44,159.26,159.9,158.13,159.32,N
2025-06-30,77178,49,1263865700.64,1305053889.254762,11253,QCOM,74752510,Q,3663,159.26,0.004541,0.004541,7935864.0,172637840.0,158.39,159.86,157.8,159.26,N
2025-06-30,86868,50,2814308424.0,1285110773.8761904,35048,GS,38141G10,N,6211,707.75,0.024522,0.024522,3976416.0,217166717.75,714.265,714.3,702.95,707.75,N
2025-06-30,57665,51,2208661305.6000004,1269173754.7719047,3194,NKE,65410610,N,3021,71.04,-0.013881,-0.013881,31090390.0,83692437.12,71.45,71.705,70.06,71.04,N
2025-06-30,14702,52,740257824.4599999,1263442088.0842855,194,AMAT,03822210,Q,3559,183.07,-0.000764,-0.000764,4043578.0,146913308.86,183.8,184.77,182.53,183.07,N
2025-06-30,22111,53,1380791568.0,1258508141.9938097,21018,JNJ,47816010,N,3841,152.75,0.002231,0.002231,9039552.0,367527650.75,152.16,152.97,151.52,152.75,N
2025-06-30,78975,54,1525440039.61,1230830900.5285714,12011,INTU,46120210,Q,7372,787.63,0.014242,0.014242,1936747.0,219707025.61,782.52,790.5,779.125,787.63,N
2025-06-30,15579,55,1100714039.6,1223993204.490476,21737,TXN,88250810,Q,3674,207.62,0.002608,0.002608,5301580.0,188726580.0,207.085,208.38,206.44,207.62,N
2025-06-30,16655,56,1540821035.52,1215580191.474762,55904,CVNA,14686910,N,5521,336.96,0.055441,0.055441,4572712.0,45497350.08,323.0,339.34,323.0,336.96,N
2025-06-30,13447,57,1037650396.72,1212780806.052381,54109,NOW,81762P10,N,7379,1028.08,0.005536,0.005536,1009309.0,212968828.16,1029.74,1036.37,1018.447,1028.08,N
2025-06-30,13721,58,1203378358.02,1201850873.0595238,54287,ABBV,00287Y10,N,2834,185.62,0.018156,0.018156,6483021.0,327879724.86,182.43,186.2499,181.75,185.62,N
2025-06-30,91937,59,1206520287.06,1201621169.0438097,52120,TMUS,87259010,Q,4812,238.26,0.012795,0.012795,5063881.0,268626475.26,234.49,238.62,234.2303,238.26,N
2025-06-30,86783,60,1645116752.32,1176970858.3209522,16454,BKNG,09857L10,Q,4724,5789.24,0.016882,0.016882,284168.0,187698739.28,5704.1,5799.01,5691.52,5789.24,N
2025-06-30,26403,61,1668704478.0900002,1172477848.3033333,20587,DIS,25468710,N,7996,124.01,0.013651,0.013651,13456209.0,222938481.46,124.31,124.69,123.18,124.01,N
2025-06-30,43449,62,1476846891.8400002,1172273509.2676191,21177,MCD,58013510,N,5812,292.17,0.002127,0.002127,5054752.0,208911191.61,290.88,293.575,290.88,292.17,N
2025-06-30,11308,63,1091599344.5,1170115351.1242857,20468,KO,19121610,N,2087,70.75,0.005972,0.005972,15428966.0,304526890.25,70.125,70.79,70.09,70.75,N
2025-06-30,92203,64,698611117.4000001,1168341720.8685713,52547,LULU,55002110,Q,5699,237.58,0.010893,0.010893,2940530.0,27257315.82,236.32,238.0925,233.845,237.58,N
2025-06-30,46886,65,702815518.8,1102711842.260476,2551,KLAC,48248010,Q,3827,895.74,0.006596,0.006596,784620.0,118258282.02,891.16,898.25,884.3401,895.74,N
2025-06-30,25785,66,959923706.35,1098149857.0366666,20750,F,34537086,N,3711,10.85,0.00463,0.00463,88472231.0,42376812.45,10.72,10.86,10.685,10.85,N
2025-06-30,12490,67,1030369885.08,1093532504.295714,20990,IBM,45920010,N,3571,294.78,0.017535,0.017535,3495386.0,273967647.66,290.93,294.81,290.0,294.78,N
2025-06-30,62092,68,1589069100.96,1090587797.0290475,4557,TMO,88355610,N,3829,405.46,-0.006907,-0.006907,3919176.0,153058717.24,407.84,413.28,401.45,405.46,N
2025-06-30,24876,69,1491349926.15,1085850437.262857,59813,RDDT,75734B10,N,2741,150.57,0.052863,0.052863,9904695.0,19505741.22,148.08,155.0,146.78,150.57,N
2025-06-30,64390,70,1071846125.46,1081945594.11,3682,PGR,74331510,N,6331,266.86,0.010872,0.010872,4016511.0,156439736.64,263.79,267.925,263.05,266.86,N
2025-06-30,14714,71,1280866464.15,1013750062.344762,54907,ANET,04041320,N,3577,102.31,0.029379,0.029379,12519465.0,128493277.51,102.0,103.1319,101.0,102.31,N
2025-06-30,20067,72,2696479438.5,1006008447.9057144,57411,SOFI,83406F10,Q,6799,18.21,0.059953,0.059953,148076850.0,20275797.03,17.73,18.92,17.59,18.21,N
2025-06-30,77274,73,724904647.1,1004085267.7338096,11300,GILD,37555810,Q,2834,110.87,0.001807,0.001807,6538330.0,137700540.0,110.61,111.44,109.88,110.87,N
2025-06-30,70519,74,1535154521.6,987073550.3876193,20483,C,17296742,N,6021,85.12,0.00877,0.00877,18035180.0,158981518.08,84.9,85.44,84.61,85.12,N
2025-06-30,48486,75,796581305.96,986169331.2180952,7013,LRCX,51280730,Q,3674,97.34,0.00144,0.00144,8183494.0,123499151.6,97.55,97.67,96.85,97.34,N
2025-06-30,22623,76,625372029.76,983997813.6942858,59113,CEG,21037T10,Q,4911,322.76,0.008089,0.008089,1937576.0,100831192.28,324.0,324.7397,318.22,322.76,N
2025-06-30,92602,77,956935061.16,971578036.9947618,52978,PM,71817210,N,2111,182.13,0.006076,0.006076,5254132.0,283488441.21,181.0,182.47,180.03,182.13,N
2025-06-30,89986,78,320871356.09000003,951219547.94,44803,APLD,03816920,Q,7372,10.07,-0.029865,-0.029865,31864087.0,2264843.7,10.56,10.76,10.05,10.07,N
2025-06-30,19654,79,781497257.01,943499225.41,57255,SNOW,83344510,N,7371,223.77,0.005211,0.005211,3492413.0,74662650.66,224.4,225.51,222.61,223.77,N
2025-06-30,88352,80,852830371.05,940074772.3628572,37727,ISRG,46120E60,Q,3842,543.41,0.018175,0.018175,1569405.0,194767925.38,534.42,544.5,534.42,543.41,N
2025-06-30,17830,81,867288856.4200001,936644284.1466668,21832,RTX,75513E10,N,3724,146.02,0.009401,0.009401,5939521.0,195076003.08,145.48,146.41,145.0,146.02,N
2025-06-30,20357,82,1268750052.55,932166778.9209524,57538,IONQ,46222L10,N,6799,42.97,0.067578,0.067578,29526415.0,11242370.01,41.21,44.1,41.08,42.97,N
2025-06-30,16736,83,921358785.68,931791199.6757144,55954,VST,92840M10,N,4911,193.81,-0.006306,-0.006306,4753928.0,65765934.92,197.5,197.5,192.175,193.81,N
2025-06-30,18542,84,1083702966.98,929206425.677619,20408,CAT,14912310,N,3531,388.21,0.009098,0.009098,2791538.0,182580986.15,386.31,389.15,384.81,388.21,N
2025-06-30,23263,85,561773707.44,919749919.2142856,59354,QBTS,26740W10,N,6799,14.64,0.044223,0.044223,38372521.0,4523130.48,14.12,14.77,13.83,14.64,N
2025-06-30,84769,86,814882235.0,915705278.4980952,31967,APH,03209510,N,3678,98.75,0.011058,0.011058,8251972.0,119447901.25,97.97,99.005,97.38,98.75,N
2025-06-30,17341,87,779842657.0,913291871.6819048,56287,ZS,98980G10,Q,7371,313.94,-0.004377,-0.004377,2484050.0,48879202.24,306.585,314.33,306.11,313.94,N
2025-06-30,20189,88,1967051442.51,907698170.704762,57587,DASH,25809K10,Q,5963,246.51,0.017312,0.017312,7979601.0,99098499.06,244.3,247.08,241.9583,246.51,N
2025-06-30,21936,89,1084277258.4,900530273.7133334,21394,PFE,71708110,N,2834,24.24,0.002067,0.002067,44730910.0,137813271.84,24.21,24.38,24.12,24.24,N
2025-06-30,13511,90,886446864.3199999,891242057.9357144,54139,PANW,69743510,Q,3577,204.64,0.020292,0.020292,4331738.0,136453952.0,201.24,204.91,201.02,204.64,N
2025-06-30,10696,91,567079420.53,867059979.8133334,8598,FI,33773810,N,7374,172.41,0.000464,0.000464,3289133.0,95589965.94,173.06,173.5,171.06,172.41,N
2025-06-30,66093,92,1232577809.88,864720468.7890476,21645,T,00206R10,N,4812,28.94,0.030627,0.030627,42590802.0,208240721.88,28.12,29.02,28.1,28.94,N
2025-06-30,13928,93,585033187.48,854140237.2228571,21401,COP,20825C10,N,1382,89.74,-0.004769,-0.004769,6519202.0,113288673.4,89.51,90.19,89.1,89.74,N
2025-06-30,20648,94,941111625.6,854017953.635238,57999,RBLX,77104910,N,7389,105.2,-0.003694,-0.003694,8945928.0,66275053.2,105.79,106.17,103.055,105.2,N
2025-06-30,15284,95,297701639.04,851669862.7319047,55224,BPMC,09627Y10,Q,2834,128.18,0.000546,0.000546,2322528.0,8278120.76,128.3,128.32,128.08,128.18,N
2025-06-30,92221,96,758075540.61,850081138.5314286,52670,MELI,58733R10,Q,5961,2613.63,0.020929,0.020929,290047.0,132503200.11,2576.13,2615.36,2552.77,2613.63,N
2025-06-30,60871,97,767034921.3000001,849525010.0895239,282,ADI,03265410,Q,3674,238.02,0.004473,0.004473,3222565.0,118116948.96,237.54,238.67,235.66,238.02,N
2025-06-30,59176,98,1089811756.96,841619991.24,90,AXP,02581610,N,6141,318.98,0.005643,0.005643,3416552.0,223473879.22,318.575,320.13,317.59,318.98,N
2025-06-30,77605,99,752569561.3299999,837124017.2561905,29489,BSX,10113710,N,3841,107.41,0.008261,0.008261,7006513.0,158907294.86,106.5,107.53,106.25,107.41,N
2025-06-30,21178,100,558368994.24,836414305.5,21110,LMT,53983010,N,3761,463.14,0.009922,0.009922,1205616.0,108511849.44,459.45,463.82,457.875,463.14,N
2025-06-30,14008,101,818405274.66,836204815.32,216,AMGN,03116210,Q,2836,279.21,0.007506,0.007506,2931146.0,150298743.0,278.85,280.04,276.58,279.21,N
2025-06-30,20482,102,782016697.0,832038309.1795238,20017,ABT,00282410,N,2834,136.01,0.01213,0.01213,5749700.0,236635094.36,134.0,136.26,134.0,136.01,N
2025-06-30,18267,103,665351671.1999999,826124358.0323809,55676,DELL,24703L20,N,3571,122.6,-0.011211,-0.011211,5427012.0,41649549.4,124.16,124.49,122.13,122.6,N
2025-06-30,25142,104,773989444.98,823374473.3938096,59889,TEM,88023B10,Q,7374,63.54,-0.044799,-0.044799,12181137.0,10711636.74,65.695,67.0,63.48,63.54,N
2025-06-30,24205,105,1450498619.7,811106661.8504761,20684,NEE,65339F10,N,4911,69.42,-0.020736,-0.020736,20894535.0,142910164.02,67.825,69.68,67.2,69.42,N
2025-06-30,20178,106,656637652.09,808019658.0742857,57363,RKLB,77312110,Q,3761,35.77,0.011023,0.011023,18357217.0,17145526.79,36.535,37.95,35.42,35.77,N
2025-06-30,76614,107,525307125.0,806962177.5114286,10876,REGN,75886F10,Q,2834,525.0,0.007678,0.007678,1000585.0,54915000.0,520.21,526.075,518.9,525.0,N
2025-06-30,77702,108,915147569.49,798638600.4414285,11592,SBUX,85524410,Q,5812,91.63,-0.005211,-0.005211,9987423.0,104137495.0,92.42,94.16,91.08,91.63,N
2025-06-30,49680,109,896327280.38,779670269.3066666,20557,DHR,23585110,N,3829,197.54,-0.006338,-0.006338,4537447.0,141373451.8,198.92,200.45,196.02,197.54,N
2025-06-30,81055,110,1362142284.48,762251670.5614285,30513,COF,14040H10,N,6021,212.76,0.008293,0.008293,6402248.0,136195760.88,212.6,215.62,211.68,212.76,N
2025-06-30,89626,111,678608687.54,756289815.1157143,43791,CME,12572Q10,Q,6231,275.62,0.00313,0.00313,2462117.0,99125906.14,274.21,275.91,272.03,275.62,N
2025-06-30,10145,112,934720236.96,755006494.5066667,22168,HON,43851610,Q,3724,232.88,0.01761,0.01761,4013742.0,147854813.36,228.85,233.56,228.32,232.88,N
2025-06-30,48725,113,823454709.44,752199518.0166667,21810,UNP,90781810,N,4011,230.08,-0.005747,-0.005747,3578993.0,137467278.08,230.94,232.0,229.81,230.08,N
2025-06-30,19076,114,633676043.37,747054572.8057142,56891,ASTS,00217D10,Q,4899,46.73,-0.053282,-0.053282,13560369.0,11706425.76,50.2,50.38,46.2,46.73,N
2025-06-30,17987,115,686962810.01,745176032.8971429,56432,VRT,92537N10,N,3679,128.41,0.00983,0.00983,5349761.0,48937693.05,128.08,129.31,125.88,128.41,N
2025-06-30,89525,116,654280215.28,742319067.0433333,43613,CMCSA,20030N10,Q,4841,35.69,0.010476,0.010476,18332312.0,131642779.14,35.37,35.77,35.28,35.69,N
2025-06-30,21207,117,586169648.46,736862073.39,21286,NEM,65163910,N,1041,58.26,0.026427,0.026427,10061271.0,64843205.22,56.89,58.315,56.75,58.26,N
2025-06-30,65875,118,986380756.5,735451325.5500001,20288,VZ,92343V10,N,4813,43.27,0.02269,0.02269,22795950.0,182437353.85,42.31,43.32,42.28,43.27,N
2025-06-30,91611,119,1295817157.26,726748000.9114286,51447,FSLR,33643310,Q,3674,165.54,0.088077,0.088077,7827819.0,17753668.38,161.625,167.79,159.52,165.54,N
2025-06-30,15488,120,572474102.64,711984082.5638095,55341,PYPL,70450Y10,Q,7389,74.32,0.009234,0.009234,7702827.0,71347200.0,73.94,74.54,73.66,74.32,N
2025-06-30,69032,121,1131730373.24,706172552.2090476,21224,MS,61744644,N,6211,140.86,0.001208,0.001208,8034434.0,225984374.34,141.51,141.85,139.55,140.86,N
2025-06-30,21053,122,2418160024.63,695608988.8771429,57939,BBAI,08975B10,N,7372,6.79,0.162671,0.162671,356135497.0,1977173.31,6.28,7.23,6.26,6.79,N
2025-06-30,20190,123,482359449.0,684630645.3161905,57588,ABNB,00906610,Q,7374,132.34,-0.016206,-0.016206,3644850.0,56906200.0,135.06,135.06,131.945,132.34,N
2025-06-30,75186,124,869070032.76,684087789.6071428,21578,SCHW,80851310,N,6211,91.24,0.014003,0.014003,9525099.0,165780342.8,90.25,91.36,90.115,91.24,N
2025-06-30,40539,125,769099548.1899999,684000137.2414286,21949,TJX,87254010,N,5651,123.49,0.000892,0.000892,6228031.0,137767419.84,123.99,123.99,122.26,123.49,N
2025-06-30,14813,126,724696374.08,680854489.6828572,54961,MARA,56578810,Q,6794,15.68,0.043247,0.043247,46217881.0,5681459.84,15.215,15.8,15.065,15.68,N
2025-06-30,77357,127,684473428.52,679878747.6433333,11361,SNPS,87160710,Q,7372,512.68,0.019995,0.019995,1335089.0,79547941.48,505.89,517.4,503.92,512.68,N
2025-06-30,24643,128,849668373.47,679561112.5466666,20060,HWM,44320110,N,3355,186.13,0.006652,0.006652,4564919.0,75135841.62,183.035,187.51,182.16,186.13,N
2025-06-30,19393,129,810621083.13,671892956.2028571,20331,BMY,11012210,N,2834,46.29,-0.001295,-0.001295,17511797.0,94203899.49,46.41,46.725,46.165,46.29,N
2025-06-30,91068,130,859511689.15,662667793.9295238,50184,CMG,16965610,N,5812,56.15,0.019982,0.019982,15307421.0,75654488.6,55.005,56.44,55.005,56.15,N
2025-06-30,78987,131,408351410.03,645159366.7638096,12027,MCHP,59501710,Q,3674,70.37,-0.001702,-0.001702,5802919.0,37977070.49,70.63,70.77,69.5,70.37,N
2025-06-30,21754,132,610499264.49,642431240.0078572,58590,QUBT,74766W10,Q,5149,19.17,0.108733,0.108733,31846597.0,3027153.87,17.565,19.28,17.141,19.17,N
2025-06-30,49154,133,486699738.65,640718085.6661905,20561,TGT,87612E10,N,5331,98.65,-0.005845,-0.005845,4933601.0,44823205.9,99.6,99.66,98.14,98.65,N
2025-06-30,16678,134,409759776.9,639868651.577619,21068,KR,50104410,N,5411,71.73,0.004341,0.004341,5712530.0,47424719.88,71.56,72.045,71.01,71.73,N
2025-06-30,89179,135,672304524.3199999,630988667.577143,42273,ELV,03675210,N,6321,388.96,0.019581,0.019581,1728467.0,87879677.6,381.01,389.91,379.0,388.96,N
2025-06-30,17478,136,789019355.43,625302363.627619,21179,SPGI,78409V10,N,6282,527.29,0.018505,0.018505,1496367.0,161719843.0,517.6,528.16,516.64,527.29,N
2025-06-30,18909,137,567536293.8100001,621433556.5371429,56874,NET,18915M10,N,7372,195.83,0.009173,0.009173,2898107.0,60815789.82,195.555,196.2,192.32,195.83,N
2025-06-30,16968,138,347064332.34000003,618312233.027619,56086,MDB,60937P10,Q,7372,209.99,0.000333,0.000333,1652766.0,17159122.86,212.17,214.17,207.95,209.99,N
2025-06-30,87267,139,556597746.0,610104144.7419047,36336,BLK,09290D10,N,6282,1049.25,0.001365,0.001365,530472.0,162556105.5,1049.98,1054.18,1041.31,1049.25,N
2025-06-30,34833,140,404307600.8,609811731.6447618,21322,OXY,67459910,N,1311,42.01,-0.01385,-0.01385,9624080.0,41343427.33,42.39,42.44,41.925,42.01,N
2025-06-30,61399,141,606896320.03,608040374.4123809,2709,LOW,54866110,N,5211,221.87,-0.00787,-0.00787,2735369.0,124344379.06,224.07,224.84,219.65,221.87,N
2025-06-30,21020,142,349201967.40000004,607631536.5438095,20010,AAL,02376R10,Q,4512,11.22,-0.005319,-0.005319,31123170.0,7402922.34,11.3,11.3295,11.18,11.22,N
2025-06-30,19350,143,716280370.58,603152424.4895239,20566,DE,24419910,N,3523,508.49,-0.006292,-0.009448,1408642.0,137712821.23,512.0,512.37,504.46,508.49,N
2025-06-30,76744,144,494792163.6,602954049.8804762,11042,VRTX,92532F10,Q,2834,445.2,0.008838,0.008838,1111393.0,114101643.6,440.45,446.45,439.23,445.2,N
2025-06-30,22976,145,501384580.56000006,592111042.7942858,59247,WBD,93442310,Q,4841,11.46,0.014159,0.014159,43750836.0,28363500.0,11.41,11.63,11.29,11.46,N
2025-06-30,64186,146,1430960158.3,588068043.52,20357,CI,12552310,N,6324,330.58,0.013086,0.013086,4328635.0,88312132.94,325.95,330.83,325.56,330.58,N
2025-06-30,76605,147,688395931.2,587592221.177619,29009,AZO,05333210,N,5531,3712.23,0.028464,0.028464,185440.0,62101895.67,3628.18,3723.42,3583.11,3712.23,N
2025-06-30,20325,148,424699821.72,586441057.4585714,57579,SMR,67079K10,N,3433,39.56,0.035602,0.035602,10735587.0,5276789.72,39.14,40.17,37.91,39.56,N
2025-06-30,11403,149,536580362.4,580954228.9009523,9245,CDNS,12738710,Q,7372,308.15,0.009666,0.009666,1741296.0,83967793.5,306.12,310.12,305.21,308.15,N
2025-06-30,18911,150,478320517.71,576528938.7214286,56876,DDOG,23804L10,Q,7372,134.33,0.017035,0.017035,3560787.0,43409948.47,133.37,135.41,132.96,134.33,N
2025-06-30,91103,151,385258699.3,571228698.9626191,21793,UAL,91004710,Q,4512,79.63,0.005683,0.005683,4838110.0,25784353.26,79.72,80.07,79.01,79.63,N
2025-06-30,60628,152,590965311.51,570153851.4100001,1685,FDX,31428X10,N,4513,227.31,-0.00699,-0.00699,2599821.0,54463248.69,228.745,230.66,227.065,227.31,N
2025-06-30,44644,153,738051469.1999999,569704840.5830953,20235,ADP,05301510,Q,7374,308.4,0.016312,0.016312,2393163.0,124994520.0,303.37,308.88,302.61,308.4,N
2025-06-30,21007,154,567298110.98,564670741.39,58063,RGTI,76655K10,Q,6799,11.86,0.071364,0.071364,47832893.0,3839817.32,11.19,12.09,11.14,11.86,N
2025-06-30,12622,155,449190496.5,564381579.6538095,53696,HCA,40412C10,N,8062,383.1,0.010019,0.010019,1172515.0,92163899.4,376.39,383.39,375.0,383.1,N
2025-06-30,38156,156,517423880.82,557735788.422381,21923,WMB,96945710,N,4922,62.81,0.002234,0.002234,8237922.0,76691386.86,62.67,63.45,62.25,62.81,N
2025-06-30,81061,157,513399590.82,557554406.3638095,30521,MCK,58155Q10,N,5122,732.78,0.009645,0.009645,700619.0,91674441.9,726.31,733.93,721.68,732.78,N
2025-06-30,88351,158,422598430.4,552077206.5214286,37726,INSM,45766930,Q,2834,100.64,0.011559,0.011559,4199110.0,21246211.04,100.045,101.635,99.78,100.64,N
2025-06-30,36468,159,621400567.0400001,550330466.484762,21609,SHW,82434810,N,2851,343.36,-0.006826,-0.006826,1809764.0,86046359.36,345.21,345.74,341.0,343.36,N
2025-06-30,90071,160,449551096.68,544506238.2219048,37496,NRG,62937750,N,4911,160.58,-0.012848,-0.012848,2799546.0,31394995.8,163.83,164.695,160.185,160.58,N
2025-06-30,89301,161,254614844.07,537996394.7209524,42775,GME,36467W10,N,5734,24.39,0.033913,0.033913,10439313.0,10910525.04,23.64,24.4,23.54,24.39,N
2025-06-30,14231,162,369101662.16,531729398.3461905,54595,VEEV,92247510,N,7372,287.98,0.016125,0.016125,1281692.0,47059387.76,282.95,288.13,282.65,287.98,N
2025-06-30,13901,163,554775293.9300001,530804302.47333336,21398,MO,02209S10,N,2111,58.63,-0.002043,-0.002043,9462311.0,98759420.76,58.72,58.79,58.2601,58.63,N
2025-06-30,75825,164,417598459.74,529919927.38238096,22113,EOG,26875P10,N,1311,119.61,-0.009851,-0.009851,3491334.0,65281583.07,120.0,120.4,118.85,119.61,N
2025-06-30,88182,165,368758908.81,527873786.5504762,37176,ON,68218910,Q,3674,52.41,-0.009824,-0.009824,7036041.0,21901352.85,53.27,53.27,52.32,52.41,N
2025-06-30,14338,166,802075718.8199999,527279507.6880953,54672,HLT,43300A20,N,7011,266.34,0.003164,0.003164,3011473.0,63309018.0,265.61,266.69,262.74,266.34,N
2025-06-30,91041,167,307189168.0,520388675.6028571,50016,LYV,53803410,N,7389,151.28,0.008601,0.008601,2030600.0,35062468.16,150.58,151.6,149.89,151.28,N
2025-06-30,13628,168,361461360.0,513159320.64238095,54213,WDAY,98138H10,Q,7371,240.0,0.01108,0.01108,1506089.0,51779760.0,237.87,240.91,237.87,240.0,N
2025-06-30,13688,169,444802691.74,509377123.6761904,21356,PCG,69331C10,N,4931,13.94,-0.001787,-0.003574,31908371.0,30635728.9,13.96,14.07,13.84,13.94,N
2025-06-30,79103,170,478962897.42,508727592.5966666,12097,ORLY,67103H10,Q,5531,90.13,0.010879,0.010879,5314134.0,76661062.93,89.52,90.35,88.98,90.13,N
2025-06-30,18411,171,452229232.05,506517785.49190485,21640,SO,84258710,N,4911,91.83,0.010231,0.010231,4924635.0,100926220.65,90.59,91.94,90.43,91.83,N
2025-06-30,24972,172,422478398.33,506161619.0361905,59841,RBRK,78115410,N,7374,89.59,0.025292,0.025292,4715687.0,11070009.17,88.8,90.17,88.16,89.59,N
2025-06-30,84723,173,405455199.04,504386919.2595239,15434,LNG,16411R20,N,4925,243.52,0.014667,0.014667,1664977.0,54009083.2,239.9,243.84,238.5,243.52,N
2025-06-30,38093,174,518620969.96,503263719.54714286,7094,AJG,36357610,N,6411,320.12,0.007522,0.007522,1620083.0,81982732.0,315.62,321.0675,314.5,320.12,N
2025-06-30,12369,175,474132838.48,501393985.11,53554,GM,37045V10,N,3711,49.21,-0.009461,-0.009461,9634888.0,47312216.35,49.58,49.62,48.93,49.21,N
2025-06-30,45751,176,523535666.4,498138973.4604762,21158,MMC,57174810,N,6411,218.64,0.007697,0.007697,2394510.0,107730049.92,216.3,219.33,215.16,218.64,N
2025-06-30,62148,177,390182132.99,497602037.2847619,20370,CSX,12640810,Q,4011,32.63,-0.008508,-0.008508,11957773.0,60831358.51,32.8,32.81,32.56,32.63,N
2025-06-30,84761,178,779943131.25,495885905.8847619,15436,TTWO,87405410,Q,7371,242.85,0.00584,0.00584,3211625.0,44781540.0,242.68,244.5,237.31,242.85,N
2025-06-30,13788,179,440812324.7,495482935.78238094,54327,ZTS,98978V10,N,2834,155.95,-0.001409,-0.001409,2826626.0,69430187.6,156.16,156.92,155.07,155.95,N
2025-06-30,15909,180,328548644.41,494010105.08238095,55509,TEAM,04946810,Q,7371,203.09,0.003806,0.003806,1617749.0,33702582.41,203.32,204.84,201.89,203.09,N
2025-06-30,63467,181,422853301.72,491200830.739524,3624,BRO,11523610,N,6411,110.87,0.011772,0.011772,3813956.0,36132089.52,109.38,111.09,109.16,110.87,N
2025-06-30,14970,182,290677752.3,488739867.0690476,55051,HUBS,44357310,N,7372,556.63,0.010897,0.010897,522210.0,29355552.94,555.32,559.96,552.0,556.63,N
2025-06-30,87447,183,549800900.46,487868478.98666674,36383,UPS,91131210,N,4215,100.94,-0.002372,-0.002372,5446809.0,74062403.38,101.16,101.2704,100.26,100.94,N
2025-06-30,92108,184,625555825.5600001,486300046.1314286,52388,BX,09260D10,N,6282,149.58,-0.010125,-0.010125,4182082.0,109140747.84,152.38,152.63,148.895,149.58,N
2025-06-30,39642,185,434929010.75,485192416.4957143,20284,BDX,07588710,N,3841,172.25,0.008135,0.008135,2524987.0,49368055.75,170.61,172.66,170.0867,172.25,N
2025-06-30,81774,186,444611645.4,484594589.02523816,20763,FCX,35671D85,N,1021,43.35,-0.011853,-0.011853,10256324.0,62259270.0,43.6,43.93,43.095,43.35,N
2025-06-30,12872,187,275909208.33000004,483964538.5033333,53810,MPC,56585A10,N,2911,166.11,-0.007765,-0.007765,1661003.0,51031317.54,166.72,168.09,165.6217,166.11,N
2025-06-30,91556,188,320541943.24,483136926.2919048,7684,ROST,77829610,Q,5651,127.58,-0.002502,-0.002502,2512478.0,41727718.18,128.225,128.655,126.79,127.58,N
2025-06-30,16309,189,561194157.54,479084563.5242858,55701,TTD,88339J10,Q,7311,71.99,0.038367,0.038367,7795446.0,32152317.78,70.695,73.76,70.35,71.99,N
2025-06-30,17005,190,417137442.54,478349763.5204762,21185,CVS,12665010,N,5912,68.98,0.007154,0.007154,6047223.0,87261010.62,68.68,69.17,68.25,68.98,N
2025-06-30,13356,191,245838527.5,473723032.1447619,54048,PSX,71854610,N,2911,119.3,0.000419,0.000419,2060675.0,48607234.1,118.51,120.17,118.18,119.3,N
2025-06-30,11533,192,541311966.84,472306784.1661905,9360,FICO,30325010,N,7389,1827.96,0.006442,0.006442,296129.0,44496202.32,1822.81,1834.21,1795.93,1827.96,N
2025-06-30,18729,193,707454338.4000001,471842387.3390477,20473,CL,19416210,N,2844,90.9,0.024687,0.024687,7782776.0,73667178.0,88.54,91.25,88.5,90.9,N
2025-06-30,93132,194,429885535.8,471199126.137619,53286,FTNT,34959E10,Q,3577,105.72,0.025313,0.025313,4066265.0,80919779.52,103.9,105.955,103.405,105.72,N
2025-06-30,92322,195,314836310.52,470380097.1157143,52788,ULTA,90384S30,Q,5999,467.82,0.020839,0.020839,672986.0,21026637.72,457.5,470.0,456.375,467.82,N
2025-06-30,81481,196,272652465.12,467848799.2590476,13603,DLTR,25674610,Q,5331,99.04,0.003445,0.003445,2752953.0,20669251.84,98.65,99.64,97.3,99.04,N
2025-06-30,12308,197,520217265.96,467464684.3909524,17322,CHTR,16119P10,Q,4841,408.81,0.019553,0.019553,1272516.0,55839766.71,402.5,410.38,402.25,408.81,N
2025-06-30,73139,198,455605134.22,464772269.4785714,4298,SYK,86366710,N,3841,395.63,0.00742,0.005285,1151594.0,151195938.95,393.77,395.87,390.71,395.63,N
2025-06-30,15826,199,382348692.17,462325573.4452381,55474,XYZ,85223410,N,7372,67.93,0.019511,0.019511,5628569.0,37701217.93,67.14,68.4,67.06,67.93,N
2025-06-30,86356,200,363648418.14,460696601.4495238,16285,EBAY,27864210,Q,5961,74.46,0.00949,0.00949,4883809.0,34177140.0,74.24,74.6,73.68,74.46,N
2025-06-30,66157,201,616354548.75,457530641.7285714,1645,USB,90297330,N,6021,45.25,-0.000219,-0.011145,13621095.0,70500767.0,45.4,45.6981,45.145,45.25,N
2025-06-30,23876,202,453749548.98,454786416.2685714,59559,KVUE,49177J10,N,2844,20.93,0.002395,0.002395,21679386.0,40183716.3,20.86,21.01,20.735,20.93,N
2025-06-30,24875,203,355151585.58,454642809.56166667,59812,ALAB,04626A10,Q,3674,90.42,-0.006592,-0.006592,3927799.0,15028798.62,92.25,93.98,89.7,90.42,N
2025-06-30,89031,204,435229843.32000005,454189616.3595239,41562,AXON,05464C10,Q,3489,827.94,0.01141,0.01141,525678.0,64995773.82,818.75,830.21,816.855,827.94,N
2025-06-30,11990,205,536908281.82,451774619.48,53463,KKR,48251W10,N,6282,133.03,-0.009383,-0.009383,4035994.0,118482105.26,135.9,136.1393,132.2,133.03,N
2025-06-30,89006,206,602579434.8,451774440.0595238,41680,MDLZ,60920710,Q,2022,67.44,0.001918,-0.005016,8935045.0,87246790.8,67.4,67.7,66.78,67.44,N
2025-06-30,91926,207,616284711.08,451169019.2895238,20569,DAL,24736170,N,4512,49.18,-0.008268,-0.008268,12531206.0,32112228.54,49.82,50.0,48.62,49.18,N
2025-06-30,75828,208,426624177.0,448880637.0719048,10303,EA,28551210,Q,7372,159.7,0.012426,0.012426,2671410.0,40085977.6,157.74,159.91,156.86,159.7,N
2025-06-30,42906,209,518682228.52,447675367.2104762,2093,HBAN,44615010,Q,6021,16.76,0.009639,0.009639,30947627.0,24449488.0,16.71,16.84,16.66,16.76,N
2025-06-30,93096,210,347928518.7,446147856.1304761,53264,DG,25667710,N,5331,114.38,-0.000612,-0.000612,3041865.0,25171720.98,113.85,114.87,112.65,114.38,N
2025-06-30,20207,211,496223534.8,442647819.2080952,57377,ACHR,03945R10,N,3721,10.85,0.036294,0.036294,45734888.0,6879019.35,10.565,11.0599,10.565,10.85,N
2025-06-30,85269,212,324428315.64,439466139.4009524,32066,VLO,91913Y10,N,2911,134.42,-0.002005,-0.002005,2413542.0,42101150.52,134.07,135.69,133.75,134.42,N
2025-06-30,21614,213,367432452.66,438001730.3461905,58515,DUOL,26603R10,Q,7389,410.02,-0.003015,-0.003015,896133.0,16261393.2,416.35,426.8,409.1,410.02,N
2025-06-30,85631,214,481864588.77,434673714.53238094,7623,ADSK,05276910,Q,7372,309.57,0.014551,0.014551,1556561.0,66230953.65,307.465,310.23,305.7568,309.57,N
2025-06-30,22592,215,350580403.36,430049931.4685714,21205,MMM,88579Y10,N,3841,152.24,0.001447,0.001447,2302814.0,81932675.44,152.28,152.46,151.0,152.24,N
2025-06-30,90993,216,589687808.01,429959475.48666674,48793,ICE,45866F10,N,6231,183.47,0.009464,0.009464,3214083.0,105243162.22,181.96,183.76,181.36,183.47,N
2025-06-30,81540,217,389519242.9500001,427597666.3047619,13650,COR,03073E10,N,5122,299.85,0.001436,0.001436,1299047.0,58117826.55,300.45,301.87,297.71,299.85,N
2025-06-30,69796,218,473031793.92,427301449.7914286,1015,STZ,21036P10,N,2084,162.68,0.008368,0.008368,2907744.0,28778254.68,161.9,163.15,160.94,162.68,N
2025-06-30,14102,219,358712857.44,425083781.2907143,54513,SFM,85208M10,Q,5411,164.64,0.015481,0.015481,2178771.0,16096688.16,162.25,165.36,161.69,164.64,N
2025-06-30,20381,220,174829063.0,425002523.9657142,57600,NVTS,63942X10,Q,6799,6.55,-0.017991,-0.017991,26691460.0,1395700.2,6.595,6.73,6.4,6.55,N
2025-06-30,77661,221,311338576.99999994,423871087.82238096,11559,DHI,23331A10,N,1531,128.92,0.001787,0.001787,2414975.0,39601774.52,128.94,129.46,127.7906,128.92,N
2025-06-30,24766,222,322056617.22,419562464.4961905,21303,NOC,66680710,N,3812,499.98,0.012105,0.012105,644139.0,71961121.44,495.31,501.08,493.96,499.98,N
2025-06-30,19433,223,305556237.99,417268189.8157144,57062,MP,55336810,N,1081,33.27,0.011246,0.011246,9184137.0,5438181.12,32.75,33.98,31.9956,33.27,N
2025-06-30,18727,224,269771941.85999995,416368321.0757143,56770,CHWY,16679L10,N,5999,42.62,-0.004903,-0.004903,6329703.0,8332678.82,43.05,43.1799,41.59,42.62,N
2025-06-30,41355,225,738009688.23,414692838.252381,21367,PH,70109410,N,3593,698.47,-0.002955,-0.002955,1056609.0,89249099.66,701.47,701.47,694.965,698.47,N
2025-06-30,22779,226,621383958.8199999,413876650.1795238,21230,MSI,62007630,N,3663,420.46,0.004299,0.004299,1477867.0,70181501.36,420.21,421.93,417.73,420.46,N
2025-06-30,92213,227,550890119.4,413668475.79333335,52663,RIOT,76729210,Q,7374,11.3,0.07109,0.07109,48751338.0,4104544.2,10.765,11.44,10.65,11.3,N
2025-06-30,13641,228,323531932.8,411818174.7490476,54222,FANG,25278X10,Q,1311,137.4,-0.016956,-0.016956,2354672.0,40004697.0,139.16,139.16,136.95,137.4,N
2025-06-30,85792,229,512105957.28,409114972.3690477,34660,PWR,74762E10,N,1731,378.08,-0.008341,-0.008341,1354491.0,56031077.92,375.14,381.55,368.7,378.08,N
2025-06-30,12591,230,380944074.81,408705841.4419048,53688,APO,03769M10,N,6282,141.87,-0.007347,-0.007347,2685163.0,81077853.78,145.0,145.03,141.11,141.87,N
2025-06-30,24328,231,649738920.96,407075139.8347619,20662,EQT,26884L10,N,1311,58.32,0.000171,0.000171,11140928.0,34911868.32,57.98,58.88,57.72,58.32,N
2025-06-30,90455,232,289516041.62,403087684.1419048,45879,MPWR,60983910,Q,3674,731.38,-0.004198,-0.006318,395849.0,35027250.96,737.475,741.49,723.2,731.38,N
2025-06-30,20745,233,516775405.25,401325154.06,58054,FERG,31488V10,N,5085,217.75,-0.001147,-0.001147,2373251.0,42936162.75,219.19,219.19,216.76,217.75,N
2025-06-30,15291,234,200716744.8,401120718.61761904,55229,ETSY,29786A10,Q,5961,50.16,-0.009479,-0.009479,4001530.0,4996337.28,51.0,51.4,49.6,50.16,N
2025-06-30,48653,235,301427704.32,399276643.8261905,20950,HUM,44485910,N,6321,244.48,0.010749,0.010749,1232934.0,29507024.64,241.07,244.69,240.94,244.48,N
2025-06-30,91152,236,441493493.7600001,397882458.5580953,50481,TDG,89364110,N,3728,1520.64,0.014321,0.014321,290334.0,85409786.88,1510.0,1528.45,1497.412,1520.64,N
2025-06-30,88031,237,323505407.52,397854176.6261905,7902,MNST,61174X10,Q,2086,62.64,0.015071,0.015071,5164518.0,61161570.72,61.71,62.79,61.6344,62.64,N
2025-06-30,80320,238,373422209.3,396967730.65619045,12926,CPRT,21720410,Q,5012,49.07,0.018472,0.018472,7609990.0,47447549.52,48.29,49.1,47.86,49.07,N
2025-06-30,85913,239,363831298.11,395599122.0961905,30005,MAR,57190320,Q,7011,273.21,-0.000951,-0.000951,1331691.0,74340441.0,274.5,275.8,270.52,273.21,N
2025-06-30,16649,240,283783939.27,394789472.8109524,55899,OKTA,67929510,Q,7372,99.97,0.015646,0.015646,2838691.0,16711285.11,99.2,100.6,98.45,99.97,N
2025-06-30,22103,241,303708407.1,386126028.40238094,20643,EMR,29101110,N,3491,133.33,0.001201,0.001201,2277870.0,74998125.0,133.34,133.56,132.47,133.33,N
2025-06-30,18835,242,338897136.38,384832687.4933333,56738,DKNG,26142V10,Q,6799,42.89,0.0,0.0,7901542.0,21275627.39,43.15,43.59,42.32,42.89,N
2025-06-30,79698,243,387114218.04,384217524.12047625,12457,IT,36665110,N,8732,404.22,0.003625,0.003625,957682.0,31111600.74,404.11,406.575,402.12,404.22,N
2025-06-30,58683,244,314711534.48,383100996.17333335,4181,LUV,84474110,N,4512,32.44,0.008706,0.008706,9701342.0,18486453.04,32.4,32.51,32.03,32.44,N
2025-06-30,28222,245,362751442.74,381515362.7280953,20030,APD,00915810,N,2842,282.06,-0.001027,-0.001027,1286079.0,62770760.64,281.13,283.32,278.1,282.06,N
2025-06-30,66800,246,393478884.27,379904044.6066667,137,AIG,02687478,N,6331,85.59,0.011822,0.011822,4597253.0,49328084.7,84.6,85.67,84.48,85.59,N
2025-06-30,17685,247,182435749.47,378700986.13428575,56335,DOCU,25616310,Q,7372,77.89,0.018569,0.018569,2342223.0,15738687.07,77.05,77.98,76.6883,77.89,N
2025-06-30,13911,248,460263972.78,375716985.63428575,54401,IQV,46266C10,N,8731,157.59,0.000762,0.000762,2920642.0,27263070.0,157.87,158.99,155.15,157.59,N
2025-06-30,49656,249,509903219.37,374133133.4314286,20265,BK,06405810,N,6022,91.11,-0.000768,-0.000768,5596567.0,65183191.74,91.68,91.9586,90.345,91.11,N
2025-06-30,25582,250,278669443.8,373216660.2647619,20883,LHX,50243110,N,3812,250.84,0.015629,0.015629,1110945.0,46893534.64,247.63,251.28,247.0,250.84,N
2025-06-30,60442,251,430041672.06,372381450.9647619,3685,PNC,69347510,N,6021,186.42,0.003607,0.003607,2306843.0,73741600.14,186.84,187.7273,185.79,186.42,N
2025-06-30,15408,252,478064658.7,372258804.49857146,55296,KHC,50075410,Q,2022,25.82,0.0082,0.0082,18515285.0,30570880.0,25.625,25.87,25.5,25.82,N
2025-06-30,26825,253,367589489.19,371436835.8485714,21041,K,48783610,N,2041,79.53,0.006709,0.006709,4622023.0,27592058.67,79.18,79.55,78.8,79.53,N
2025-06-30,21371,254,570883152.0,371404529.732381,6262,CAH,14149Y10,N,5122,168.0,0.004905,0.004905,3398114.0,40097736.0,167.21,168.4,166.575,168.0,N
2025-06-30,70578,255,438210210.56,371302203.2814286,1467,ECL,27886510,N,2841,269.44,0.007441,0.007441,1626374.0,76389742.72,266.44,269.98,264.98,269.44,N
2025-06-30,11955,256,401006134.72,369845550.1790476,9804,WM,94106L10,N,4953,228.82,0.002453,0.002453,1752496.0,92078998.56,228.36,229.2845,226.96,228.82,N
2025-06-30,13323,257,451403711.85,369803553.7821429,54026,ENPH,29355A10,Q,3674,39.65,-0.030088,-0.030088,11384709.0,5183682.4,39.91,40.77,38.36,39.65,N
2025-06-30,79094,258,373632344.4,368712558.1190477,12108,JBL,46631310,N,3672,218.1,0.003358,0.003358,1713124.0,23411944.5,218.0,219.0,214.79,218.1,N
2025-06-30,12558,259,418652354.4,368196390.6509524,53667,KMI,49456B10,N,4924,29.4,0.014493,0.014493,14239876.0,65328828.6,29.08,29.58,28.92,29.4,N
2025-06-30,25232,260,233766769.68,368146774.76285714,21332,OKE,68268010,N,4924,81.63,0.004677,0.004677,2863736.0,50988710.16,81.3,81.89,80.78,81.63,N
2025-06-30,52708,261,275195025.36,367283271.8185714,21095,LEN,52605710,N,1531,110.61,0.003629,0.003629,2487976.0,25681872.24,110.37,111.32,109.37,110.61,N
2025-06-30,66384,262,385477615.71,364786098.044762,4879,WDC,95810210,Q,3572,63.99,0.01106,0.01106,6024029.0,22204530.0,63.6,64.34,63.11,63.99,N
2025-06-30,81655,263,324122697.82,364727945.9909524,30886,DRI,23719410,N,5812,217.97,0.008513,0.008513,1487006.0,25508157.22,216.35,218.681,215.53,217.97,N
2025-06-30,61621,264,577779193.1800001,362464941.2733334,6333,PAYX,70432610,Q,8721,145.46,0.01056,0.01056,3972083.0,52401092.24,143.99,146.0,142.9396,145.46,N
2025-06-30,22425,265,302285833.2,362171597.9590476,59024,IOT,79589L10,N,5049,39.78,0.004545,0.004545,7598940.0,11924015.22,40.02,40.1824,38.99,39.78,N
2025-06-30,30681,266,221678361.96,361747888.6309524,1367,OMC,68191910,N,7311,71.94,0.008128,0.008128,3081434.0,14036141.46,71.6,72.33,71.19,71.94,N
2025-06-30,64936,267,339678135.0,361518753.8042857,20592,D,25746U10,N,1311,56.52,0.011634,0.011634,6009875.0,48199747.32,55.51,56.61,55.2,56.52,N
2025-06-30,20646,268,317774803.84000003,361455499.3085714,57997,OSCR,68779310,N,6321,21.44,0.050466,0.050466,14821586.0,4698854.72,21.14,21.8,20.66,21.44,N
2025-06-30,20339,269,327595483.58,358990543.95238096,57669,AFRM,00827B10,Q,6153,69.14,0.015868,0.015868,4738147.0,19661964.06,69.36,69.75,68.05,69.14,N
2025-06-30,27959,270,411435674.0,357943108.4438095,20608,DUK,26441C20,N,4911,118.0,0.009237,0.009237,3486743.0,91716326.0,116.62,118.06,116.3,118.0,N
2025-06-30,23819,271,275471426.14,356932863.96238095,20868,HAL,40621610,N,1389,20.38,-0.009237,-0.009237,13516753.0,17520991.7,20.565,20.74,20.33,20.38,N
2025-06-30,34817,272,334037284.68,356692509.02095234,21308,NUE,67034610,N,3441,129.54,-0.010196,-0.01438,2578642.0,29891484.54,130.83,131.88,129.5,129.54,N
2025-06-30,16318,273,146579244.84,353410788.45666665,55704,ELF,26856L10,N,2844,124.44,-0.014961,-0.014961,1177911.0,7009456.32,126.68,128.262,124.42,124.44,N
2025-06-30,17942,274,376968865.02,352868956.90952384,56438,KDP,49271V10,Q,2086,33.06,0.006393,0.006393,11402567.0,44909133.78,32.86,33.16,32.81,33.06,N
2025-06-30,20583,275,300405645.78,350725576.4047619,11937,EXE,16516773,Q,1311,116.94,-0.016981,-0.016981,2568887.0,27765882.78,117.65,118.65,116.35,116.94,N
2025-06-30,79323,276,480328478.34,347985002.1995238,29870,ALL,02000210,N,6331,201.31,0.028351,0.028351,2386014.0,53310511.58,196.47,201.93,196.23,201.31,N
2025-06-30,19794,277,207701098.0,347686882.0390476,57313,U,91332U10,N,7371,24.2,-0.004934,-0.004934,8582690.0,10059819.0,24.38,24.56,23.81,24.2,N
2025-06-30,85663,278,306155391.0,346851848.11619043,32191,URI,91136310,N,7359,753.4,0.001036,0.001036,406365.0,48970246.6,756.315,757.0,750.3,753.4,N
2025-06-30,18592,279,238611968.68,346725626.1204762,56723,CTVA,22052L10,N,721,74.53,0.001882,0.001882,3201556.0,50842130.1,74.09,74.62,73.7,74.53,N
2025-06-30,18428,280,311057408.88,346482375.06809527,56668,DOW,26055710,N,2821,26.48,-0.019259,-0.019259,11746881.0,18717705.76,26.9,26.92,26.38,26.48,N
2025-06-30,64311,281,375297070.72,346459121.5333333,21294,NSC,65584410,N,4731,255.97,0.000625,0.000625,1466176.0,57706900.68,255.92,256.99,255.0301,255.97,N
2025-06-30,86949,282,235191557.3,344660187.9233333,35167,SKX,83056610,N,3149,63.1,0.000317,0.000317,3727283.0,8221235.9,63.08,63.21,63.065,63.1,N
2025-06-30,82642,283,353717917.6,344462733.98571426,31196,EL,51843910,N,2844,80.8,0.008865,0.008865,4377697.0,18924168.0,80.1,81.23,79.1408,80.8,N
2025-06-30,90829,284,282999084.0,344261714.62904763,47183,CF,12526910,N,2873,92.0,0.0111,0.0111,3076077.0,14904920.0,90.71,92.315,90.08,92.0,N
2025-06-30,12476,285,368999639.04,343783206.2909524,53621,TRGP,87612G10,N,4922,174.08,-0.00172,-0.00172,2119713.0,37763522.56,174.51,176.085,173.105,174.08,N
2025-06-30,59459,286,351040839.24,341570361.47571427,4293,TRV,89417E10,N,6331,267.54,0.016065,0.016065,1312106.0,60616270.26,264.06,268.0,262.8,267.54,N
2025-06-30,15707,287,1187777043.15,337780124.1542857,55421,HPE,42824C10,N,7372,20.45,0.110809,0.110809,58082007.0,26834817.2,20.69,20.97,20.12,20.45,N
2025-06-30,12052,288,345378813.78000003,334642591.9166667,20791,GD,36955010,N,3721,291.66,0.003164,0.003164,1184183.0,78280377.36,291.57,293.14,290.645,291.66,N
2025-06-30,22265,289,255300796.56,333097650.9897619,58911,RIVN,76954A10,Q,6719,13.74,0.010294,0.010294,18580844.0,16570440.0,13.6,13.825,13.56,13.74,N
2025-06-30,19751,290,219063924.15,331607107.7590476,57148,LCID,54949810,Q,6799,2.11,-0.004717,-0.004717,103821765.0,6482650.06,2.14,2.17,2.1,2.11,N
2025-06-30,86228,291,387869194.44,330418723.04714286,34838,RSG,76075910,N,4953,246.61,0.009166,0.009166,1572804.0,77064885.17,244.71,246.82,243.53,246.61,N
2025-06-30,19285,292,338405016.69,327003182.6104762,57036,CARR,14448C10,N,3585,73.19,-0.006516,-0.006516,4623651.0,62746518.9,73.62,73.73,72.99,73.19,N
2025-06-30,93263,293,268979054.68,326456473.0133333,53346,CELH,15118V20,Q,2086,46.39,0.010896,0.010896,5798212.0,11957903.91,46.24,47.24,46.07,46.39,N
2025-06-30,18485,294,399252258.68,325204483.7790476,56691,PINS,72352L10,N,7375,35.86,-0.002503,-0.002503,11133638.0,21309231.24,36.16,36.29,35.49,35.86,N
2025-06-30,16932,295,260546740.96,324094361.17333335,56066,ROKU,77543R10,Q,4841,87.89,0.010927,0.010927,2964464.0,11447848.28,88.525,89.0635,87.1,87.89,N
2025-06-30,17750,296,278201109.11999995,323863138.4104762,21055,KMB,49436810,Q,2676,128.92,0.008054,0.008054,2157936.0,42790481.8,127.87,129.29,127.68,128.92,N
2025-06-30,86136,297,289147867.02,323467633.8809524,34798,SRE,81685110,N,4932,75.77,0.005441,0.005441,3816126.0,49414920.9,75.3,75.83,74.95,75.77,N
2025-06-30,25359,298,232925670.05,323062049.4847619,59957,TLN,87422Q10,Q,4911,290.77,-0.023869,-0.023869,801065.0,13276267.43,298.49,301.695,289.08,290.77,N
2025-06-30,28484,299,200722293.6,321490456.7585714,20064,HES,42809H10,N,2911,138.54,-0.003094,-0.003094,1448840.0,42846404.34,138.32,139.2797,137.72,138.54,N
2025-06-30,52337,300,304109872.0,320909594.66952384,21258,THC,88033G40,N,8062,176.0,0.01365,0.01365,1727897.0,16347760.0,171.95,176.26,171.55,176.0,N
2025-06-30,20196,301,340102316.40000004,320189457.69857144,57593,UPST,91680M10,Q,7389,64.68,0.019707,0.019707,5258230.0,6215165.88,64.65,66.61,64.265,64.68,N
2025-06-30,23660,302,305410350.24,319569446.1457143,6304,CTAS,17290810,Q,2326,222.87,0.009604,0.009604,1370352.0,89811706.86,220.84,223.5,220.405,222.87,N
2025-06-30,27422,303,241390105.6,318145291.567619,20462,CLF,18589910,N,1081,7.6,0.024259,0.024259,31761856.0,3759385.6,7.47,7.71,7.36,7.6,N
2025-06-30,80286,304,279414142.11,316146397.8680952,12863,TSCO,89235610,Q,5999,52.77,0.020499,0.020499,5294943.0,27967572.3,51.72,52.9,51.28,52.77,N
2025-06-30,79686,305,303694621.23,314989844.24714285,12484,DECK,24353710,N,2389,103.07,-0.010845,-0.010845,2946489.0,15402368.52,104.7,104.76,102.09,103.07,N
2025-06-30,20618,306,259251073.12,312957758.97190475,20398,CRS,14428510,N,3312,276.38,0.00203,0.00203,938024.0,13757920.02,277.25,278.075,272.585,276.38,N
2025-06-30,11404,307,294073969.05,311568767.31238097,20499,ED,20911510,N,4931,100.35,0.022415,0.022415,2930483.0,36155703.6,98.825,100.43,98.6,100.35,N
2025-06-30,87657,308,242366924.25,309131124.02809525,36952,EW,28176E10,N,3842,78.21,0.0,0.0,3098925.0,45877986.0,78.06,78.525,77.6691,78.21,N
2025-06-30,84819,309,87559185.06,308844733.29857147,15483,SBET,82001440,Q,4899,9.93,0.060897,0.060897,8817642.0,656919.15,9.7,10.14,9.065,9.93,N
2025-06-30,13687,310,122876346.05,307665864.4795239,54265,RH,74967X10,N,5712,189.01,-0.009537,-0.009537,650105.0,3540535.32,192.62,193.3499,188.2365,189.01,N
2025-06-30,17144,311,391502679.48,307572373.79857147,20798,GIS,37033410,N,2099,51.81,0.025534,0.025534,7556508.0,28103142.87,50.63,51.89,50.5,51.81,N
2025-06-30,91733,312,476510771.95,305299996.50857145,51651,AVAV,00807310,Q,3721,284.95,0.024742,0.024742,1672261.0,13020220.35,283.69,295.9,279.01,284.95,N
2025-06-30,90601,313,330369522.44,304801855.5957143,46282,NDAQ,63110310,Q,6231,89.42,0.003817,0.003817,3694582.0,51319389.88,89.3,89.64,88.73,89.42,N
2025-06-30,58246,314,367580946.28,304729236.942381,3275,NTRS,66585910,Q,6022,126.79,0.01913,0.01913,2899132.0,24246432.07,124.94,127.09,124.24,126.79,N
2025-06-30,13181,315,180961925.55,302470406.8347619,53970,GWRE,40171V10,N,7372,235.45,0.000212,0.000212,768579.0,19823712.75,236.89,237.95,232.99,235.45,N
2025-06-30,90664,316,235640577.06,302385927.8680951,46559,DXCM,25213110,Q,3841,87.29,0.01112,0.01112,2699514.0,34235138.0,85.77,87.49,85.5568,87.29,N
2025-06-30,23941,317,639201002.11,301752619.4109523,59576,CAVA,14892910,N,5812,84.23,0.081397,0.081397,7588757.0,9742041.8,79.44,85.24,79.2,84.23,N
2025-06-30,20682,318,469661918.04,299519304.1209524,58024,CPNG,22266T10,N,5961,29.96,-0.027588,-0.027588,15676299.0,49667987.6,30.88,30.88,29.81,29.96,N
2025-06-30,87137,319,185612717.83,298903403.82,35222,DVN,25179M10,N,1311,31.81,-0.013643,-0.013643,5835043.0,20425201.0,32.115,32.15,31.72,31.81,N
2025-06-30,48506,320,563603076.47,297833607.2790476,20610,MCO,61536910,N,7323,501.59,0.027785,0.027785,1123633.0,90236041.0,488.92,502.21,486.49,501.59,N
2025-06-30,86158,321,209734652.16,296843714.96238095,16167,CTSH,19244610,Q,7371,78.03,0.00373,0.00373,2687872.0,38156670.0,77.79,78.315,77.56,78.03,N
2025-06-30,89540,322,329940354.46,295531668.63047624,43626,DKS,25339310,N,5941,197.81,-0.024702,-0.024702,1667966.0,11171517.56,203.32,203.895,197.537,197.81,N
2025-06-30,85348,323,360824968.1,294737182.23761904,32093,YUM,98849810,N,5812,148.18,-0.00155,-0.00155,2435045.0,41188853.7,147.86,148.41,146.29,148.18,N
2025-06-30,89508,324,213623288.45,294729539.5361905,43519,KMX,14313010,N,5521,67.21,0.009159,0.009159,3178445.0,10086339.12,66.63,67.62,65.95,67.21,N
2025-06-30,16600,325,340278151.7,294465576.1423809,20906,HSY,42786610,N,2066,165.95,-0.006228,-0.006228,2050486.0,24558940.5,166.64,167.5,164.8,165.95,N
2025-06-30,88439,326,187809493.7,294211688.88238096,37932,ENTG,29362U10,Q,3089,80.65,-0.021,-0.021,2328698.0,12210410.0,82.54,83.16,80.28,80.65,N
2025-06-30,71563,327,330566489.19,294132296.9861905,4163,TFC,89832Q10,N,6712,42.99,0.008918,0.008918,7689381.0,56297081.61,42.89,43.245,42.75,42.99,N
2025-06-30,23054,328,683549542.52,292583942.6447619,58080,SOUN,83610010,Q,7372,10.73,0.091557,0.091557,63704524.0,4002890.88,10.065,10.93,10.045,10.73,N
2025-06-30,51369,329,172813471.36,290312283.86,21731,TER,88077010,Q,3825,89.92,-0.004759,-0.004759,1921858.0,14316163.2,90.785,90.785,89.66,89.92,N
2025-06-30,17778,330,305367200.0,289695882.03809524,540,BRK,08467010,N,6331,728800.0,-0.002928,-0.002928,419.0,395738400.0,730204.3,731999.0,726203.1,728800.0,N
2025-06-30,21896,331,268492800.66,289063666.29619044,58698,TOST,88878710,N,7372,44.29,0.009114,0.009114,6062154.0,22056420.0,44.475,44.9,43.9701,44.29,N
2025-06-30,21776,332,309190910.86,288861771.6009524,21396,EXC,30161N10,Q,4911,43.42,0.011885,0.011885,7120933.0,43853635.54,42.69,43.46,42.665,43.42,N
2025-06-30,85914,333,249170583.06,288482309.85190475,7506,BBY,08651610,N,3679,67.13,-0.015978,-0.015978,3711762.0,14187724.11,68.49,68.6,66.76,67.13,N
2025-06-30,75034,334,256709649.06000003,288310060.6957143,20253,BKR,05722G10,Q,3533,38.34,0.007357,0.007357,6695609.0,37782037.98,38.04,38.825,37.69,38.34,N
2025-06-30,90178,335,305517307.98999995,288236113.2852381,45191,ALNY,02043Q10,Q,2834,326.09,0.010098,0.010098,936911.0,42710289.93,324.77,327.21,320.57,326.09,N
2025-06-30,77037,336,298839094.8,288172578.8314286,11161,ODFL,67958010,Q,4213,162.3,-0.008431,-0.008431,1841276.0,34179730.8,163.82,164.45,161.32,162.3,N
2025-06-30,90248,337,298947866.40000004,287603940.1509524,45379,DPZ,25754A20,Q,5149,450.6,0.009431,0.009431,663444.0,15292012.2,445.75,451.21,443.53,450.6,N
2025-06-30,77338,338,512815613.28,287515807.91690475,11344,ROP,77669610,Q,3823,566.84,0.005909,0.005909,904692.0,60999919.76,564.69,567.63,561.9965,566.84,N
2025-06-30,57904,339,277161429.74,287302524.61761904,92,AFL,00105510,N,6321,105.46,0.003712,0.003712,2628119.0,57016421.7,104.92,105.58,104.45,105.46,N
2025-06-30,59010,340,150818156.51999998,286744051.29142857,1892,GAP,36476010,N,5651,21.81,-0.00411,-0.00411,6915092.0,8136569.46,22.05,22.05,21.71,21.81,N
2025-06-30,92402,341,337174315.54,285618952.7714286,52840,MSCI,55354G10,N,7389,576.74,0.000573,0.000573,584621.0,44622950.54,575.82,579.07,569.43,576.74,N
2025-06-30,83011,342,277328090.02,284675692.66619045,6149,WSM,96990410,N,5719,163.37,-0.005176,-0.005176,1697546.0,20094183.26,164.74,165.37,161.63,163.37,N
2025-06-30,23570,343,217658398.5,278839686.46952385,59446,GEHC,36266G10,Q,3844,74.07,-0.004168,-0.004168,2938550.0,33817176.99,74.0,74.58,73.572,74.07,N
2025-06-30,90808,344,242962455.0,278632827.7966666,47013,EXPE,30212P30,Q,4724,168.68,-0.012181,-0.012181,1440375.0,20067690.92,170.81,171.5992,167.99,168.68,N
2025-06-30,82598,345,211610963.75,278525400.7257143,14152,NTAP,64110D10,Q,3572,106.55,0.007851,0.007851,1986025.0,21348997.3,106.5,106.97,105.44,106.55,N
2025-06-30,45911,346,136802400.12,276986438.4111905,20058,SWKS,83088M10,Q,3674,74.52,-0.003743,-0.003743,1835781.0,11058768.0,74.82,74.99,73.99,74.52,N
2025-06-30,23712,347,239303031.72000003,276736766.8761905,21458,PEG,74457310,N,4931,84.18,0.007902,0.007902,2842754.0,42005651.64,83.5,84.36,83.22,84.18,N
2025-06-30,88661,348,239232286.11,276021416.85714287,40143,TPR,87603010,N,3199,87.81,0.008036,0.008036,2724431.0,18237258.9,87.37,88.03,86.96,87.81,N
2025-06-30,18312,349,277999295.51,274749123.2590476,56611,MRNA,60770K10,Q,2836,27.59,0.015832,0.015832,10076089.0,10732510.0,28.065,28.74,27.4,27.59,N
2025-06-30,15202,350,286357668.66,274476595.00523806,21876,VMC,92916010,N,1423,260.82,-0.005187,-0.005187,1097913.0,34455365.28,260.95,265.0,260.37,260.82,N
2025-06-30,14182,351,209417875.2,273745261.0871428,54574,BURL,12201710,N,5311,232.64,0.008715,0.008715,900180.0,14676559.68,231.0,233.1675,228.46,232.64,N
2025-06-30,25773,352,224286549.84,273673311.1042857,60058,PRMB,74162310,N,2086,29.62,0.009199,0.009199,7572132.0,11149649.26,29.1,29.7,28.99,29.62,N
2025-06-30,84381,353,232079539.09,273504722.1528571,31847,ROK,77390310,N,3621,332.17,0.006728,0.006728,698677.0,37440873.72,331.34,332.68,328.705,332.17,N
2025-06-30,16595,354,281471229.05,272368072.0857143,55867,SNAP,83304A10,N,7371,8.69,-0.00344,-0.00344,32390245.0,12313973.32,8.85,8.86,8.59,8.69,N
2025-06-30,92043,355,317516754.15,270293102.2895238,52295,IBKR,45841N10,Q,6211,55.41,0.026872,0.026872,5730315.0,24455868.42,55.175,55.62,54.3022,55.41,N
2025-06-30,22084,356,248695715.45,269946913.8180952,58778,GTLB,37637K10,Q,7372,45.11,-0.000665,-0.000665,5513095.0,6590571.0,45.63,46.82,44.695,45.11,N
2025-06-30,42585,357,223830500.6,268955335.98857147,21629,SJM,83269640,N,2033,98.2,0.026874,0.026874,2279333.0,10476368.8,95.58,98.51,95.25,98.2,N
2025-06-30,27828,358,271923483.28000003,266545910.51714283,20908,HPQ,40434L10,N,3571,24.46,-0.012515,-0.012515,11117068.0,22974617.58,24.91,24.95,24.3533,24.46,N
2025-06-30,16680,359,240511805.88,266029950.6209524,55920,QXO,82846H40,N,7371,21.54,0.039074,0.039074,11165822.0,14438972.82,20.955,21.685,20.5232,21.54,N
2025-06-30,76709,360,250208509.74,265667687.4409524,10989,IDXX,45168D10,Q,741,536.34,0.009448,0.009448,466511.0,42987651.0,530.39,537.47,528.6601,536.34,N
2025-06-30,53065,361,168742182.24,264550080.24809524,20997,IPG,46069010,N,7311,24.48,0.009485,0.009485,6893063.0,9051112.8,24.23,24.619,24.225,24.48,N
2025-06-30,93089,362,322884702.0,263591906.24428573,53256,VRSK,92345Y10,Q,7374,311.5,0.009201,0.009201,1036548.0,43516861.5,306.71,311.77,306.6,311.5,N
2025-06-30,24109,363,334576091.44,262614045.87,20077,AEP,02553710,Q,4911,103.76,0.012688,0.012688,3224519.0,55466879.44,102.25,103.96,102.06,103.76,N
2025-06-30,19187,364,342861075.39,261310437.35380957,56999,CLSK,18452B20,Q,7373,11.03,0.03374,0.03374,31084413.0,3100135.92,10.85,11.13,10.66,11.03,N
2025-06-30,90880,365,235985517.12,259391586.80904764,47422,AMP,03076C10,N,7389,533.73,0.010718,0.010718,442144.0,50823371.79,529.84,534.34,527.82,533.73,N
2025-06-30,92050,366,212257808.74,258676682.71666667,52301,PODD,45784P10,Q,3841,314.18,0.003513,0.003513,675593.0,22115444.38,312.83,316.0,311.78,314.18,N
2025-06-30,89269,367,295568224.28000003,258203398.6085714,42540,CNC,15135B10,N,6324,54.28,0.005371,0.005371,5445251.0,27009890.84,53.83,54.31,53.185,54.28,N
2025-06-30,90720,368,190290117.08,257189538.2642857,46846,BLDR,12008R10,N,2421,116.69,-0.002735,-0.002735,1630732.0,12895995.35,118.45,118.82,115.92,116.69,N
2025-06-30,89003,369,191815962.52,256780486.5357143,41673,FIS,31620M10,N,7389,81.41,0.00755,0.00755,2356172.0,42772406.95,80.87,81.5,80.62,81.41,N
2025-06-30,83621,370,220825009.14,256347635.6742857,14744,ANSS,03662Q10,Q,7372,351.22,0.011608,0.011608,628737.0,30877857.52,350.0,352.57,348.1,351.22,N
2025-06-30,20126,371,732476445.85,255365183.53666663,57323,JOBY,G6516310,N,3721,10.55,0.117585,0.117585,69429047.0,8353468.9,10.03,11.16,9.96,10.55,N
2025-06-30,14617,372,258367116.4,254446601.8538095,54837,ARES,03990B10,N,6282,173.2,0.000115,0.000115,1491727.0,37233496.8,174.8,174.929,172.32,173.2,N
2025-06-30,87432,373,189110552.96,250231628.76619044,36364,A,00846U10,N,3826,118.01,-0.009734,-0.009734,1602496.0,33522510.65,119.19,119.66,117.445,118.01,N
2025-06-30,85257,374,289674796.32,250060442.4628572,32054,AME,03110010,N,3823,180.96,0.002382,0.002382,1600767.0,41779863.84,180.51,181.46,179.57,180.96,N
2025-06-30,15440,375,281511609.34000003,250025313.5509524,55321,WING,97415510,Q,5812,336.74,-0.031271,-0.031271,835991.0,9403127.76,349.55,349.73,329.12,336.74,N
2025-06-30,65541,376,150345353.64,248422568.17285717,5780,COO,21664850,Q,3851,71.16,0.000281,0.000281,2112779.0,14197345.08,71.22,71.666,70.58,71.16,N
2025-06-30,86233,377,250415669.46,247897413.3719048,34843,LEU,15643U10,A,1799,183.18,0.086155,0.086155,1367047.0,2989131.24,168.95,184.43,163.3073,183.18,N
2025-06-30,15315,378,267127652.88,247485264.8638095,55241,GDDY,38023710,N,7373,180.06,-5.6e-05,-5.6e-05,1483548.0,25656389.28,180.61,181.49,179.2,180.06,N
2025-06-30,23297,379,371842623.96,246742576.3680952,6760,EAT,10964110,N,5812,180.33,0.001555,0.001555,2062012.0,8015848.83,180.86,185.6953,176.04,180.33,N
2025-06-30,21742,380,144005848.04999998,245313897.64047617,6515,CASY,14752810,Q,5411,510.27,0.00808,0.00808,282215.0,18972348.87,504.7,510.91,499.81,510.27,N
2025-06-30,11752,381,285781915.54,243769487.68142855,9558,COHR,19247G10,N,3827,89.21,0.022699,0.022699,3203474.0,13866891.61,88.17,90.1223,88.03,89.21,N
2025-06-30,23393,382,271454045.1,243507408.1728571,1103,CHD,17134010,N,2841,96.11,0.014033,0.014033,2824410.0,23669682.47,94.65,96.34,94.64,96.11,N
2025-06-30,16140,383,258232047.68,239849522.27714285,55601,TWLO,90138F10,N,4812,124.36,0.013199,0.013199,2076488.0,18986538.64,124.15,125.521,123.02,124.36,N
2025-06-30,24698,384,412999329.78,239452047.75809523,57996,CORZ,21874A10,Q,7374,17.07,0.025225,0.025225,24194454.0,5174702.22,16.95,17.2584,16.52,17.07,N
2025-06-30,86288,385,214324531.2,238330583.62714285,16188,CSGP,22160N10,Q,7375,80.4,-0.004458,-0.004458,2665728.0,34097640.0,80.68,81.14,79.9403,80.4,N
2025-06-30,23536,386,201122984.6,236862230.2133333,21931,WEC,92939U10,N,4911,104.2,0.010375,0.010375,1930163.0,33253762.8,103.06,104.28,102.85,104.2,N
2025-06-30,88873,387,222495272.04,236297052.92142853,41168,GPN,37940X10,N,7374,80.04,0.016768,0.016768,2779801.0,19520155.2,79.29,80.34,78.75,80.04,N
2025-06-30,52695,388,351613602.88,235590426.9738095,20841,GWW,38480210,N,5085,1040.24,0.011169,0.011169,338012.0,49972089.36,1027.61,1041.33,1025.57,1040.24,N
2025-06-30,15720,389,245134675.2,235392552.5038095,21543,EIX,28102010,N,4911,51.6,0.01236,0.01236,4750672.0,19853822.4,50.95,51.62,50.62,51.6,N
2025-06-30,12400,390,418953606.03,234404077.5442857,53576,LPLA,50212V10,Q,6211,374.97,0.027428,0.027428,1117299.0,29999099.88,367.73,375.54,364.505,374.97,N
2025-06-30,80204,391,205294571.2,234390618.81238097,30260,MLM,57328410,N,1423,548.96,-0.001982,-0.001982,373970.0,33094053.6,548.6,554.71,546.53,548.96,N
2025-06-30,46578,392,256533757.45,232296254.8647619,20463,CLX,18905410,N,2842,120.07,0.007806,0.007806,2136535.0,14798987.71,119.1,120.18,118.67,120.07,N
2025-06-30,16304,393,252477268.68,231942669.64,55697,NTNX,67059N10,Q,7371,76.44,0.015274,0.015274,3302947.0,20491805.88,76.19,77.62,75.9601,76.44,N
2025-06-30,24010,394,210022130.08,231301567.32380956,21201,ETR,29364G10,N,4911,83.12,0.007759,0.007759,2526734.0,35805934.88,82.33,83.17,82.13,83.12,N
2025-06-30,88853,395,99572800.02,230628747.4190476,41080,FLR,34341210,N,1629,51.27,-0.002917,-0.002917,1942126.0,8442374.55,51.63,51.87,50.944,51.27,N
2025-06-30,35554,396,273897584.84000003,229900067.13238093,1689,MTB,55261F10,N,6022,193.99,0.001084,0.001084,1411916.0,31138498.84,195.36,196.26,193.35,193.99,N
2025-06-30,15534,397,176238545.88,229681763.4333333,55365,NTRA,63230710,Q,8071,168.94,0.005835,0.005835,1043202.0,23103727.58,168.41,170.145,166.815,168.94,N
2025-06-30,82694,398,225472181.7,229641992.8633333,14268,EME,29084Q10,N,1731,534.89,0.008047,0.008047,421530.0,23940606.62,529.67,538.3,523.5,534.89,N
2025-06-30,11618,399,241807272.0,229356650.2761905,9440,FAST,31190010,Q,5085,42.0,0.000953,0.000953,5757316.0,48199956.0,41.93,42.13,41.79,42.0,N
2025-06-30,84519,400,148253935.77,228512460.67714283,15321,CIEN,17177930,N,3661,81.33,-0.00962,-0.00962,1822869.0,11497378.11,82.94,83.28,81.25,81.33,N
2025-06-30,22293,401,284745872.91,228443721.07666665,20523,GLW,21935010,N,3229,52.59,0.014859,0.014859,5414449.0,45041809.89,51.99,52.86,51.99,52.59,N
2025-06-30,52476,402,254571914.37,227889396.12761903,20659,EFX,29442910,N,7389,259.37,0.01261,0.01261,981501.0,32213494.63,257.63,260.0,255.63,259.37,N
2025-06-30,41080,403,287846955.0,227790960.3361905,20543,CMI,23102110,N,3519,327.5,0.005465,0.005465,878922.0,45114762.5,325.53,329.14,322.4501,327.5,N
2025-06-30,87842,404,233351658.04,227764539.7595238,37138,MET,59156R10,N,6311,80.42,0.000622,0.000622,2901662.0,53985785.16,80.31,80.54,79.99,80.42,N
2025-06-30,60506,405,213147524.52,225659598.82666665,3487,PCAR,69371810,Q,3711,95.06,0.001792,0.001792,2242242.0,49917907.2,95.0,95.45,94.63,95.06,N
2025-06-30,56573,406,230143019.75,225542059.66285717,20968,ITW,45230810,N,3559,247.25,0.002782,-0.003265,930811.0,72444250.0,246.2,247.405,245.185,247.25,N
2025-06-30,35044,407,226916608.8,223692294.58142853,1620,RF,7591EP10,N,6022,23.52,0.007281,0.007281,9647815.0,21142833.6,23.45,23.675,23.42,23.52,N
2025-06-30,19286,408,232740271.74,221886687.48190475,57037,OTIS,68902V10,N,3679,99.02,0.014549,0.014549,2350437.0,39080916.54,97.18,99.28,96.925,99.02,N
2025-06-30,90199,409,266538505.92,220715448.4214286,45270,CBRE,12504L10,N,6531,140.12,0.005309,0.005309,1902216.0,41770472.6,139.9,140.54,138.43,140.12,N
2025-06-30,80191,410,192877077.54,219617089.5342857,30249,ALB,01265310,N,2821,62.67,-0.035104,-0.035104,3077662.0,7373814.87,64.805,64.805,62.05,62.67,N
2025-06-30,12366,411,282268002.51,219401647.10142857,53550,BAH,09950210,N,8742,104.13,0.012347,0.012347,2710727.0,12920658.66,102.75,104.57,101.99,104.13,N
2025-06-30,87006,412,113695199.8,218537999.5880952,16587,UTHR,91307C10,Q,2834,287.35,0.010835,0.010835,395668.0,12992530.25,285.75,290.0,284.39,287.35,N
2025-06-30,13527,413,96382143.76,218329739.5390476,54146,FIVE,33829M10,Q,5331,131.18,0.004364,0.004364,734732.0,7222508.44,131.44,131.955,129.1,131.18,N
2025-06-30,18452,414,182889614.96,217933989.04476196,56673,LYFT,55087P10,Q,4119,15.76,0.002545,0.002545,11604671.0,6344582.0,15.8,15.979,15.7329,15.76,N
2025-06-30,20193,415,166620251.07,217839918.8938095,57590,AI,12468P10,N,7372,24.57,0.013614,0.013614,6781451.0,3215869.02,24.5,25.37,24.5,24.57,N
2025-06-30,14889,416,328498115.0,217093739.77809525,55006,CFG,17461010,N,6022,44.75,0.007202,0.007202,7340740.0,19405792.75,44.7,45.15,44.58,44.75,N
2025-06-30,25487,417,315907792.20000005,216884671.05952373,6391,CAR,05377410,Q,7514,169.05,-0.029675,-0.029675,1868724.0,5949207.6,175.51,176.37,162.55,169.05,N
2025-06-30,90386,418,217243543.68,216837015.70666668,45695,MOS,61945C10,N,2874,36.48,0.032843,0.032843,5955141.0,11572586.88,35.14,36.5,35.13,36.48,N
2025-06-30,23026,419,248552638.62,216229344.5157143,21326,FE,33793210,N,4911,40.26,0.009023,0.009023,6173687.0,23236300.56,39.76,40.285,39.69,40.26,N
2025-06-30,10516,420,221614089.06,215905167.80761904,20207,ADM,03948310,N,2046,52.78,0.015391,0.015391,4198827.0,25358151.0,52.0,53.13,51.65,52.78,N
2025-06-30,13949,421,166403554.17000002,215764205.2595238,54426,CDW,12514G10,Q,7371,178.59,0.006651,0.006651,931763.0,23413149.0,178.0,179.385,176.9098,178.59,N
2025-06-30,18961,422,234819414.79,215604038.6914285,56894,SWTX,85205L10,Q,2834,46.99,0.000213,0.000213,4997221.0,3540649.51,46.99,47.01,46.98,46.99,N
2025-06-30,87034,423,211534731.84,215548716.79095232,35177,LII,52610710,N,3585,573.24,0.012423,0.010132,369016.0,20341421.4,568.15,573.6,562.3277,573.24,N
2025-06-30,32942,424,161551476.42000002,215300708.4409524,20945,HUBB,44351060,N,3699,408.41,0.004402,0.004402,395562.0,21798066.93,407.61,409.15,404.235,408.41,N
2025-06-30,22509,425,159835471.25,214300726.07761905,21351,PPG,69350610,N,2851,113.75,-0.003504,-0.003504,1405147.0,25821250.0,113.76,114.2,113.04,113.75,N
2025-06-30,52038,426,322839250.58,213679575.17761907,21698,SYY,87182910,N,5149,75.74,0.009732,0.009732,4262467.0,36715116.48,75.22,75.94,75.03,75.74,N
2025-06-30,19409,427,1459138798.0,212388762.4190476,57095,AZEK,05478C10,N,3089,54.35,-0.009296,-0.009296,26847080.0,7818464.9,54.49,54.575,53.605,54.35,N
2025-06-30,29946,428,111142175.04,211494807.7509524,20340,BF,11563720,N,2085,26.91,0.017007,0.017007,4130144.0,8170118.19,26.5,27.03,26.41,26.91,N
2025-06-30,14776,429,238442064.74,211467382.79238096,54936,SYF,87165B10,N,6021,66.74,0.008309,0.008309,3572701.0,25404647.74,66.72,67.04,66.28,66.74,N
2025-06-30,18420,430,228697446.72,209848803.25238097,56662,FOXA,35137L10,Q,4833,56.04,-0.013207,-0.013207,4080968.0,11810710.2,56.99,57.2,55.28,56.04,N
2025-06-30,64995,431,419734847.74000007,209790305.03238097,2535,KEY,49326710,N,6021,17.42,0.011614,0.011614,24094997.0,19091309.64,17.36,17.5,17.3,17.42,N
2025-06-30,89533,432,160412497.76,209673037.4795238,43620,WYNN,98313410,Q,7011,93.67,-0.010668,-0.010668,1712528.0,9739525.59,94.56,94.67,92.75,93.67,N
2025-06-30,82775,433,245764063.71,209096958.4,31386,HIG,41651510,N,6331,126.87,0.017565,0.017565,1937133.0,36044147.61,124.69,127.15,124.585,126.87,N
2025-06-30,15643,434,341699720.76,208034064.6409524,55396,RUN,86771W10,Q,1731,8.18,0.100942,0.100942,41772582.0,1884025.78,7.875,8.615,7.615,8.18,N
2025-06-30,23931,435,277458944.7,207781834.5004762,21300,XEL,98389B10,Q,4911,68.1,0.004721,0.004721,4074287.0,40260856.2,67.5,68.21,67.075,68.1,N
2025-06-30,21890,436,142175141.52,205773247.5533333,58692,BROS,26701L10,N,5499,68.37,-0.013989,-0.013989,2079496.0,8677793.88,70.82,71.0,68.03,68.37,N
2025-06-30,90505,437,220181006.19,205707780.4528572,46024,LVS,51783410,N,7011,43.51,-0.013826,-0.013826,5060469.0,30745384.28,44.04,44.27,43.2,43.51,N
2025-06-30,84262,438,163594859.85,205676948.0666667,15171,STLD,85811910,Q,3312,128.01,-0.020578,-0.024388,1277985.0,18918341.88,130.41,130.71,127.93,128.01,N
2025-06-30,82515,439,317022683.88,205455491.23714283,14046,POOL,73278L10,Q,5091,291.48,-0.004389,-0.004389,1087631.0,10876284.72,292.58,292.9,286.0,291.48,N
2025-06-30,83976,440,201074215.95,203757750.63809523,22200,ANF,00289620,N,5611,82.85,0.001572,0.001572,2426967.0,3947222.55,83.58,85.29,82.2301,82.85,N
2025-06-30,81593,441,147944400.78,203609390.2057143,5849,COOP,62482R10,Q,6162,149.21,-6.7e-05,-6.7e-05,991518.0,9549440.0,151.27,151.395,146.11,149.21,N
2025-06-30,85621,442,140068913.92000002,203359198.6090476,32158,MTD,59268810,N,3596,1174.72,-0.00829,-0.00829,119236.0,24414205.76,1180.69,1186.38,1161.499,1174.72,N
2025-06-30,90427,443,184883900.61,203155023.7595238,45732,TXRH,88268110,Q,5812,187.41,-0.001758,-0.001758,986521.0,12433154.22,187.2,189.42,186.2301,187.41,N
2025-06-30,21792,444,222027829.32,202920690.32238096,20939,CNP,15189T10,N,4924,36.74,0.010173,0.010173,6043218.0,23981226.72,36.07,36.765,36.07,36.74,N
2025-06-30,34746,445,223812473.31,201686727.80380952,1741,FITB,31677310,Q,6022,41.13,-0.000241,-0.009154,5441587.0,27462912.3,41.34,41.57,41.065,41.13,N
2025-06-30,88446,446,174998350.51999998,201456918.6942857,37938,ILMN,45232710,Q,3826,95.41,0.006541,0.006541,1834172.0,14693140.0,94.79,96.83,94.16,95.41,N
2025-06-30,76082,447,149188157.64,201146281.7142857,26024,CTRA,12709710,N,1311,25.38,-0.008981,-0.008981,5878178.0,19371564.18,25.46,25.61,25.28,25.38,N
2025-06-30,19317,448,114220086.8,200180636.70809525,57057,APG,00187Y10,N,8732,51.05,0.003538,0.003538,2237416.0,14132682.0,51.21,51.57,50.86,51.05,N
2025-06-30,25886,449,160711801.26000002,199790014.8585714,60090,TTAN,81764X10,Q,7371,107.18,-0.006949,-0.006949,1499457.0,8281477.06,108.0,109.795,105.775,107.18,N
2025-06-30,10220,450,148801446.78,199427344.88809523,53456,BWXT,05605H10,N,3511,144.06,0.006076,0.006076,1032913.0,13161465.66,144.75,144.75,142.36,144.06,N
2025-06-30,85753,451,238626487.2,199327919.6414286,15940,VRSN,92343E10,Q,7371,288.8,0.003893,0.003893,826269.0,27031680.0,288.3,290.38,286.87,288.8,N
2025-06-30,87299,452,153713711.28,197713560.99142855,17300,AKAM,00971T10,Q,7372,79.76,0.00201,0.00201,1927203.0,11421632.0,80.0,80.28,79.19,79.76,N
2025-06-30,16087,453,567026350.8000001,197555964.42,55585,FTV,34959J10,N,3823,52.13,-0.046183,-0.046183,10877160.0,17718048.66,52.05,52.39,50.0,52.13,N
2025-06-30,21927,454,155986973.12,196988406.97333333,58718,DJT,25400Q10,Q,6799,18.04,0.036782,0.036782,8646728.0,5002672.4,17.5,18.11,17.5,18.04,N
2025-06-30,81736,455,247204764.0,196842741.55666667,13753,RMD,76115210,N,3841,258.0,0.01113,0.01113,958158.0,37829766.0,255.97,258.24,255.31,258.0,N
2025-06-30,19599,456,344074187.52,196356984.6009524,57104,QS,74767V10,N,3674,6.72,0.015106,0.015106,51201516.0,3465403.2,6.68,7.07,6.51,6.72,N
2025-06-30,85072,457,167709603.11999995,196263196.8752381,32009,RL,75121210,N,2321,274.28,-0.007491,-0.007491,611454.0,10612441.76,277.37,278.0,271.61,274.28,N
2025-06-30,54148,458,172437646.0,195079162.2447619,21349,PHM,74586710,N,1531,105.46,-0.000569,-0.000569,1635100.0,21137031.42,105.96,106.36,104.26,105.46,N
2025-06-30,91547,459,154816040.64,194284014.6123809,51338,LDOS,52532710,N,7373,157.76,0.013361,0.013361,981339.0,20306709.44,156.3,158.0,155.44,157.76,N
2025-06-30,15478,460,196257776.0,194274631.9880952,55335,TRU,89400J10,N,7323,88.0,0.00848,0.00848,2230202.0,17172320.0,87.88,88.29,87.36,88.0,N
2025-06-30,89506,461,128986272.3,192538864.31142855,43508,SAIA,78709Y10,Q,4213,273.99,-0.011794,-0.011794,470770.0,7297997.64,277.94,279.0,273.02,273.99,N
2025-06-30,14983,462,171105695.06,192078606.93809524,55060,W,94419L10,N,5961,51.14,-0.001562,-0.001562,3345829.0,5301018.98,51.69,52.16,50.8,51.14,N
2025-06-30,85992,463,107560526.71,191549131.77380952,16065,MANH,56275010,Q,5812,197.47,0.001115,0.001115,544693.0,11940615.96,197.35,198.74,195.0,197.47,N
2025-06-30,18091,464,105936693.45,191337128.9004762,20546,CW,23156110,N,3491,488.55,0.001743,0.001743,216839.0,18412960.95,490.0,490.71,483.9505,488.55,N
2025-06-30,18484,465,275880529.26,191085289.0819048,56690,ZM,98980L10,Q,7371,77.98,-0.005103,-0.005103,3537837.0,20296634.4,78.45,78.485,77.25,77.98,N
2025-06-30,87445,466,218249695.41,190967505.50238097,36380,TDY,87936010,N,3679,512.31,0.00514,0.00514,426011.0,24006334.29,510.26,513.8449,508.12,512.31,N
2025-06-30,25320,467,207067446.15,189552837.13714284,20384,CPB,13442910,Q,2038,30.65,-0.004547,-0.004547,6755871.0,9137684.5,30.77,30.94,30.47,30.65,N
2025-06-30,76841,468,147830733.1,189328865.8,11112,BIIB,09062X10,Q,2836,125.59,-0.003886,-0.003886,1177090.0,18411494.0,126.295,126.53,123.9,125.59,N
2025-06-30,89070,469,113593663.68,188492445.63142857,41870,ZBH,98956P10,N,3842,91.21,-0.002733,-0.002733,1245408.0,18045716.08,91.32,91.61,90.6,91.21,N
2025-06-30,20391,470,150709879.35000002,188405306.2780952,57695,TPL,88262P10,N,4941,1056.39,0.0009,0.0009,142665.0,24283236.93,1059.56,1062.77,1046.47,1056.39,N
2025-06-30,83597,471,119403185.12,188090020.57142857,31661,FDS,30307510,N,7374,447.28,0.013252,0.013252,266954.0,16972934.16,441.43,449.07,438.215,447.28,N
2025-06-30,70228,472,109979434.29,188020561.71761903,8372,TOL,88947810,N,1522,114.13,-0.001487,-0.001487,963633.0,11205397.53,114.71,114.97,113.25,114.13,N
2025-06-30,87759,473,230384075.52,187321794.5885714,18404,WULF,88080T10,Q,6099,4.38,0.037915,0.037915,52599104.0,1708773.78,4.29,4.6,4.23,4.38,N
2025-06-30,16692,474,219737271.44000003,186443870.58285716,55928,IR,45687V10,N,3564,83.18,-0.012935,-0.012935,2641708.0,33560052.34,83.97,83.97,83.08,83.18,N
2025-06-30,72726,475,232063229.84,185990759.6761905,4260,STT,85747710,N,6022,106.34,0.003208,0.003208,2182276.0,30326253.88,106.54,106.83,105.87,106.34,N
2025-06-30,23229,476,190494920.64,184356714.66666663,20361,CMS,12589610,N,4931,69.28,0.003912,0.003912,2749638.0,20723310.72,68.83,69.35,68.46,69.28,N
2025-06-30,88863,477,114426415.14,183472326.1461905,41157,EXAS,30063P10,Q,2834,53.14,-0.009506,-0.009506,2153301.0,10055203.94,53.57,53.9378,52.73,53.14,N
2025-06-30,81677,478,262801032.65,183399765.1509524,30913,WAB,92974010,N,3743,209.35,0.007993,0.007993,1255319.0,35825228.1,207.78,210.265,206.93,209.35,N
2025-06-30,69649,479,174565734.0,182843032.9557143,6137,RJF,75473010,N,6211,153.37,0.000914,0.000914,1138200.0,30943164.35,153.66,154.52,152.08,153.37,N
2025-06-30,76095,480,102778562.16,182635382.40761903,10504,HOLX,43644010,Q,3845,65.16,0.002307,0.002307,1577326.0,14479659.72,64.94,65.39,64.74,65.16,N
2025-06-30,16851,481,110184553.57,181758048.58238092,56027,DD,26614N10,N,2821,68.59,-0.00421,-0.00421,1606423.0,28704846.41,68.61,68.815,67.73,68.59,N
2025-06-30,11891,482,130720791.92,181697656.16142857,9764,MGM,55295310,N,7011,34.39,0.000582,0.000582,3801128.0,9359204.11,34.44,34.75,34.12,34.39,N
2025-06-30,16021,483,154847509.73999998,180677413.5785714,55527,PR,71424F10,N,1041,13.62,-0.008734,-0.008734,11369127.0,9545154.78,13.66,13.825,13.5348,13.62,N
2025-06-30,15490,484,281131394.6,180231137.08119047,55343,LITE,55024U10,Q,3669,95.06,0.003272,0.003272,2957410.0,6635188.0,95.0,96.68,94.26,95.06,N
2025-06-30,12062,485,180894590.96,179793161.77619046,9848,LH,50492210,N,8071,262.51,0.007368,0.007368,689096.0,21972087.0,260.75,262.975,259.85,262.51,N
2025-06-30,21573,486,135040767.54,179752592.06666666,20994,IP,46014610,N,2621,46.83,-0.0114,-0.0114,2883638.0,24721650.66,47.005,47.17,46.55,46.83,N
2025-06-30,91402,487,135706835.1,179593973.00428572,29717,GTLS,16115Q30,N,3443,164.65,-0.018831,-0.018831,824214.0,7399535.65,167.25,167.89,162.761,164.65,N
2025-06-30,14179,488,218215047.12,179553230.88619047,54570,AR,03674X10,N,1311,40.28,-0.021855,-0.021855,5417454.0,12508027.56,40.62,40.96,40.085,40.28,N
2025-06-30,52090,489,279361519.52,179533145.6104762,2801,MKC,57978020,N,2099,75.82,-0.006421,-0.006421,3684536.0,19185568.62,76.09,77.21,75.03,75.82,N
2025-06-30,89134,490,121231827.95,179429860.34428573,42001,OVV,69047Q10,N,1382,38.05,-0.009373,-0.009373,3186119.0,9885960.75,38.26,38.51,38.01,38.05,N
2025-06-30,80080,491,309272927.88,177559357.35619047,30070,EMN,27743210,N,2869,74.66,-0.020339,-0.020339,4142418.0,8620243.6,75.61,76.13,74.58,74.66,N
2025-06-30,85002,492,77606229.60000001,177373443.29952377,15507,SRPT,80360710,Q,2834,17.1,-0.000584,-0.000584,4538376.0,1670772.6,17.24,17.52,16.96,17.1,N
2025-06-30,11674,493,301713281.74,176869241.3795238,20574,DTE,23333110,N,4911,132.46,0.006382,0.006382,2277769.0,27487569.36,131.2,132.58,130.94,132.46,N
2025-06-30,85059,494,227674766.00000003,176202999.9095238,31994,FIX,19990810,N,1731,536.21,0.002262,0.002262,424600.0,18914807.75,535.1,541.545,530.6643,536.21,N
2025-06-30,43123,495,143810235.18,175965303.86523813,21722,ATI,01741R10,N,3317,86.34,-0.0053,-0.0053,1665627.0,12179811.12,87.0,87.75,86.21,86.34,N
2025-06-30,90175,496,184944759.05,174940339.9052381,45186,XPO,98379310,N,4789,126.29,-0.009335,-0.009335,1464445.0,14877846.03,127.67,128.285,125.73,126.29,N
2025-06-30,89258,497,178818730.96,174549784.12095237,42524,PRU,74432010,N,6311,107.44,0.002894,0.002894,1664359.0,38033760.0,106.84,107.64,106.76,107.44,N
2025-06-30,87430,498,356681560.6,174173537.39666668,17314,KTOS,50077B20,Q,3663,46.45,0.013307,0.013307,7678828.0,7821158.1,46.39,47.09,45.4112,46.45,N
2025-06-30,44206,499,279041455.3,173718752.0504762,21299,ES,30040W10,N,4924,63.62,0.004104,0.004104,4386065.0,23373033.7,63.19,64.41,61.88,63.62,N
2025-06-30,24099,500,51650084.25,173262956.46374762,59624,SRM,85237B10,Q,7929,7.75,0.009115,0.009115,6664527.0,212551.5,8.2,8.85,7.4401,7.75,N
